,url,headline,date
0,https://checkyourfact.com/2021/03/17/fact-check-stimulus-checks-donald-trump-signature-joe-biden/,FACT CHECK: Will The Latest Round Of Stimulus Checks Include Donald Trump’s Signature?,17-03-2021
1,https://checkyourfact.com/2021/03/17/fact-check-first-ever-photo-sunset-mars-illustration/,FACT CHECK: Is This Image The 'First Ever' Photo Of A Sunset On Mars?,17-03-2021
2,https://checkyourfact.com/2021/03/10/fact-check-oprah-winfrey-ankle-monitor-prince-harry-meghan-markle/,FACT CHECK: Did Oprah Winfrey Wear An Ankle Monitor During Her Interview With Meghan Markle and Prince Harry?,10-03-2021
3,https://checkyourfact.com/2021/03/17/fact-check-image-alert-united-nations-organ-trafficking-middle-east/,FACT CHECK: Does This Image Show An Alert From The United Nations Warning Of Organ Trafficking In The Middle East?,17-03-2021
4,https://checkyourfact.com/2021/03/17/fact-check-did-victoria-premier-daniel-andrews-call-covid-19-vaccines-experimental-gene-editing-in-a-press-release/,FACT CHECK: Did Victoria Premier Daniel Andrews Call COVID-19 Vaccines 'Experimental Gene Editing' In A Press Release?,17-03-2021
5,https://checkyourfact.com/2021/03/16/fact-check-joe-bidens-coronavirus-speech-pre-recorded/,FACT CHECK: Was Joe Biden's March 11 Coronavirus Speech Pre-Recorded?,16-03-2021
6,https://checkyourfact.com/2021/03/15/fact-check-rick-scott-floridians-return-stimulus-checks/,FACT CHECK: Did Rick Scott Tell Floridians To Return Their Stimulus Checks?,15-03-2021
7,https://checkyourfact.com/2021/03/15/fact-check-trees-chairs-wedding-poland-invasion-art/,FACT CHECK: Does This Image Show Trees Growing Through Chairs Set Up For A Wedding In Poland Before The Nazi Invasion?,15-03-2021
8,https://checkyourfact.com/2021/03/15/fact-check-92-percent-american-rescue-plan-foreign-entities/,FACT CHECK: Is 92 Percent Of The American Rescue Plan Going To 'Foreign Entities'?,15-03-2021
9,https://checkyourfact.com/2021/03/15/fact-check-sea-turtle-atlantic-ocean-glass-pendant/,FACT CHECK: Does This Image Show A Real Sea Turtle 'Living In The Waters Of The Atlantic Ocean'?,15-03-2021
10,https://checkyourfact.com/2021/03/12/fact-check-thousands-children-rescued-tunnels-white-house-military/,"FACT CHECK: No, Thousands Of Children Were Not Rescued From Catacombs Near The White House In March 2021",12-03-2021
11,https://checkyourfact.com/2021/03/12/fact-check-taylor-swift-human-flesh-hat/,FACT CHECK: Does This Image Show Taylor Swift Wearing A ‘Human Flesh Hat’?,12-03-2021
12,https://checkyourfact.com/2021/03/12/fact-check-mcdonalds-coca-cola-announce-no-longer-allow-white-people-executive-positions/,FACT CHECK: Did McDonald's and Coca-Cola Announce They Will No Longer Hire White People For Executive Positions?,12-03-2021
13,https://checkyourfact.com/2021/03/11/fact-check-anthony-hopkins-fake-covid-vaccination/,FACT CHECK: Did Anthony Hopkins Fake His COVID-19 Vaccination Shot?,11-03-2021
14,https://checkyourfact.com/2021/03/11/fact-check-johns-hopkins-publish-list-alternative-cancer-treatments/,FACT CHECK: Did Johns Hopkins Publish This List Of 'Alternative' Cancer Treatments?,11-03-2021
15,https://checkyourfact.com/2021/03/11/fact-check-nigeria-purchase-whatsapp-facebook/,FACT CHECK: Did Nigeria Purchase WhatsApp From Facebook?,11-03-2021
16,https://checkyourfact.com/2021/03/11/fact-check-cdc-report-masks-dont-work/,FACT CHECK: Did The CDC Report That Masks Don't Work?,11-03-2021
17,https://checkyourfact.com/2021/03/11/fact-check-shredded-ballots-dumpster-election-maricopa-county/,FACT CHECK: Image Claims To Show Shredded Ballots From The 2020 Election In Arizona's Maricopa County,11-03-2021
18,https://checkyourfact.com/2021/03/10/fact-check-elon-musk-tesla-factory-explosion/,FACT CHECK: Was Elon Musk Killed In A Tesla Factory Explosion?,10-03-2021
19,https://checkyourfact.com/2021/03/10/fact-check-covid-19-stimulus-bill-include-25-million-bonus-house-members/,FACT CHECK: Does The $1.9 Trillion COVID-19 Stimulus Bill Include A $25 Million Bonus For House Members?,10-03-2021
0,https://checkyourfact.com/2021/03/09/fact-check-joe-biden-threaten-cancel-visas-philippines/,FACT CHECK: Did Joe Biden Threaten To 'Cancel All US Visas To Be Issued In The Philippines'?,09-03-2021
1,https://checkyourfact.com/2021/03/09/fact-check-photos-senators-sleeping-house-lords/,FACT CHECK: Do These Photos Show Senators 'Sleeping On The Job'?,09-03-2021
2,https://checkyourfact.com/2021/03/09/fact-check-navy-seals-arrest-hillary-clinton-treason/,"FACT CHECK: No, Navy SEALs Did Not Arrest Hillary Clinton For Treason On March 2",09-03-2021
3,https://checkyourfact.com/2021/03/09/fact-check-photo-dogs-killed-myanmar-military/,FACT CHECK: Does This Image Show Dogs Killed By The Myanmar Military?,09-03-2021
4,https://checkyourfact.com/2021/03/08/fact-check-maxine-waters-next-supreme-court-justice-illegal-immigrant/,"FACT CHECK: Did Maxine Waters Say, 'The Next Supreme Court Justice Should Be An Illegal Immigrant'?",08-03-2021
5,https://checkyourfact.com/2021/03/08/fact-check-uk-times-publish-front-page-doctors-experimental-jab/,FACT CHECK: Did The UK Newspaper The Times Publish This Front Page Story About Doctors Advising 'Against Taking The Experimental Jab'?,08-03-2021
6,https://checkyourfact.com/2021/03/08/fact-check-video-syrian-woman-donald-trump-joe-biden-bombing/,FACT CHECK: Does This Video Show A Syrian Woman Asking Donald Trump To Stop Joe Biden From Bombing Syria?,08-03-2021
7,https://checkyourfact.com/2021/03/05/fact-check-9-percent-american-rescue-plan-goes-american-people/,FACT CHECK: Viral Post Claims Only 9% of The American Rescue Plan 'Goes To The American People',05-03-2021
8,https://checkyourfact.com/2021/03/05/fact-check-video-donald-trump-surprise-visit-switzerland-march-2021/,FACT CHECK: Viral Video Claims To Show Donald Trump Making A Surprise Visit To Switzerland In March 2021,05-03-2021
9,https://checkyourfact.com/2021/03/05/fact-check-great-sphinx-covered-snow-egypt-japan/,FACT CHECK: Does This Image Show The Great Sphinx Covered In Snow In Egypt?,05-03-2021
10,https://checkyourfact.com/2021/03/04/fact-check-neil-armstrongs-space-boots-not-match-footprint-moon/,FACT CHECK: Do Neil Armstrong’s Space Boots Not Match A Footprint He Left On The Moon?,04-03-2021
11,https://checkyourfact.com/2021/03/04/fact-check-joe-biden-end-operation-talon-executive-action/,FACT CHECK: Did Joe Biden End Operation Talon By Executive Action?,04-03-2021
12,https://checkyourfact.com/2021/03/04/fact-check-photo-woman-posed-statue-of-liberty/,FACT CHECK: Is This A Photo Of The Woman Who 'Posed For The Statue Of Liberty'?,04-03-2021
13,https://checkyourfact.com/2021/03/04/fact-check-homwork-backwards-latin-child-abuse/,"FACT CHECK: No, 'Homework' Spelled Backwards Is Not Latin For 'Child Abuse'",04-03-2021
14,https://checkyourfact.com/2021/03/03/fact-check-klaus-schwab-tweet-world-economic-forum-ensure-people-survive-food-shortages/,FACT CHECK: Did Klaus Schwab Tweet That The World Economic Forum And The Biden Administration Are Working To Ensure 'Most People Will Survive The Coming Food Shortages’?,03-03-2021
15,https://checkyourfact.com/2021/03/03/fact-check-queen-elizabeth-bowing-ethiopian-emperor-haile-selassie/,FACT CHECK: Does This Photo Show Queen Elizabeth Bowing To Former Ethiopian Emperor Haile Selassie?,03-03-2021
16,https://checkyourfact.com/2021/03/03/fact-check-shriners-patient-ambassador-kaleb-pass-away/,FACT CHECK: Viral Post Falsely Claims Shriners Hospitals Patient Ambassador Kaleb-Wolf De Melo Torres Passed Away,03-03-2021
17,https://checkyourfact.com/2021/03/02/fact-check-id-check-required-enter-dc/,FACT CHECK: Viral Post Claims ID Is Required To Enter DC,02-03-2021
18,https://checkyourfact.com/2021/03/02/fact-check-coca-cola-discontinuing-vanilla-coke-fight-white-supremacy/,FACT CHECK: Is Coca-Cola Discontinuing Vanilla Coke to Fight White Supremacy?,02-03-2021
19,https://checkyourfact.com/2021/03/02/fact-check-henry-kissinger-statement-new-world-order/,"FACT CHECK: No, Henry Kissinger Did Not Make This Statement About 'The New World Order'",02-03-2021
0,https://checkyourfact.com/2021/03/02/fact-check-atlanta-keisha-lance-bottoms-shutting-down-nba-all-star-weekend/,FACT CHECK: Viral Post Claims The Atlanta Mayor Is Shutting Down The City For NBA All-Star Weekend,02-03-2021
1,https://checkyourfact.com/2021/03/01/fact-check-people-praying-golden-statue-donald-trump-cpac/,FACT CHECK: Does This Image Show People Praying Over A Golden Statue Of Donald Trump?,01-03-2021
2,https://checkyourfact.com/2021/02/28/fact-check-joe-biden-dismiss-chinas-treatment-uighurs-cnn-town-hall/,FACT CHECK: Did Joe Biden Dismiss China's Treatment Of Uighurs During A CNN Town Hall?,28-02-2021
3,https://checkyourfact.com/2021/02/28/fact-check-uss-al-gore-global-warming-research-vessel-ice/,FACT CHECK: Does This Image Show The 'USS Al Gore Global Warming Research Vessel' Covered In Ice?,28-02-2021
4,https://checkyourfact.com/2021/02/28/fact-check-robinhood-tweet-buying-stocks-limited-system-upgrade/,FACT CHECK: Did Robinhood Tweet 'Buying Some Stocks Might Be Limited' Due To System Upgrades?,28-02-2021
5,https://checkyourfact.com/2021/02/28/fact-check-greta-thunberg-eating-train-children-watch/,FACT CHECK: Image Claims To Show Greta Thunberg Eating On A Train While Children Watch From Outside,28-02-2021
6,https://checkyourfact.com/2021/02/27/fact-check-brad-pitt-comments-hollywood-child-trafficking-networks/,"FACT CHECK: No, Brad Pitt Did Not Make These Comments About Hollywood 'Child Trafficking Networks'",27-02-2021
7,https://checkyourfact.com/2021/02/27/fact-check-barack-obama-aleister-crowley-t-shirt/,FACT CHECK: Was Barack Obama Pictured Wearing An Aleister Crowley T-Shirt?,27-02-2021
8,https://checkyourfact.com/2021/02/27/fact-check-south-african-president-cyril-ramaphosa-covid-vaccine-cap-needle/,FACT CHECK: Does This Photo Show The South African President Getting Vaccinated For COVID-19 With The Cap On The Needle?,27-02-2021
9,https://checkyourfact.com/2021/02/27/fact-check-us-government-issue-statement-citizens-leave-uganda/,FACT CHECK: Did The US Government Issue This Statement Recommending U.S. Citizens Leave Uganda?,27-02-2021
10,https://checkyourfact.com/2021/02/27/fact-check-louis-vuitton-human-zoos-late-1800s-early-1900s/,FACT CHECK: Did Louis Vuitton Sponsor ‘Human Zoos’ In The Late 1800s And Early 1900s?,27-02-2021
11,https://checkyourfact.com/2021/02/27/fact-check-zero-people-died-flu-2020-2021-season/,FACT CHECK: Have Zero People Died From The Flu During The 2020-2021 Flu Season?,27-02-2021
12,https://checkyourfact.com/2021/02/26/fact-check-most-clear-picture-sun-surface-published-nasa/,FACT CHECK: Is This Image The 'Most Clear Picture Of The Sun Surface' Published By NASA?,26-02-2021
13,https://checkyourfact.com/2021/02/26/fact-check-amy-schumer-say-abortion-get-rid-of-baby-born/,FACT CHECK: Did Amy Schumer Say This Quote About Abortion?,26-02-2021
14,https://checkyourfact.com/2021/02/26/fact-check-joe-biden-sign-52-executive-orders-one-week/,FACT CHECK: Did Joe Biden Sign 52 Executive Orders In One Week?,26-02-2021
15,https://checkyourfact.com/2021/02/26/fact-check-pepsico-donate-100-million-antifa/,FACT CHECK: Did PepsiCo Donate $100 Million To Antifa?,26-02-2021
16,https://checkyourfact.com/2021/02/26/fact-check-joe-biden-n-word-speech/,FACT CHECK: Did Joe Biden Say The N-Word During A Recent Speech?,26-02-2021
17,https://checkyourfact.com/2021/02/26/fact-check-michelle-obama-necklace-mike-2020-democratic-national-convention/,FACT CHECK: Did Michelle Obama Wear A Necklace That Spelled ‘MIKE’ At The 2020 Democratic National Convention?,26-02-2021
18,https://checkyourfact.com/2021/02/26/fact-check-image-earth-venus-jupiter-mars/,"FACT CHECK: Does This Image Show ‘Earth, Venus And Jupiter As Seen From Mars’?",26-02-2021
19,https://checkyourfact.com/2021/02/25/fact-check-joe-biden-executive-order-outlaw-political-humor/,FACT CHECK: Did Joe Biden Sign An Executive Order To Outlaw ‘Political Humor’ Directed At His Administration?,25-02-2021
0,https://checkyourfact.com/2021/02/25/fact-check-maxine-waters-no-reason-own-gun-tweet/,FACT CHECK: '#GunControlNow' – Did Maxine Waters Send This Tweet About Gun Ownership?,25-02-2021
1,https://checkyourfact.com/2021/02/25/fact-check-video-madrid-protest-covid-19-restrictions/,FACT CHECK: Does This Video Show A Madrid Protest Against COVID-19 Restrictions?,25-02-2021
2,https://checkyourfact.com/2021/02/25/fact-check-coca-cola-james-quincey-right-winged-nuts-bottom-line/,"FACT CHECK: Did Coca-Cola CEO James Quincey Say, 'Few Right Winged Nuts Won't Affect Our Bottom Line'?",25-02-2021
3,https://checkyourfact.com/2021/02/24/fact-check-joe-biden-tweet-proud-coca-cola-cultural-reappropriation/,"FACT CHECK: Did Joe Biden Tweet, 'I'm Proud To See Coca-Cola Educate Their Staff In Cultural Reappropriation'?",24-02-2021
4,https://checkyourfact.com/2021/02/24/fact-check-photo-berlin-tractor-rally-support-indian-farmers-protests/,FACT CHECK: Does This Photo Show A Berlin Rally In Support Of Indian Farmers' Protests?,24-02-2021
5,https://checkyourfact.com/2021/02/24/fact-check-video-audio-captured-mars-perseverance-rover/,FACT CHECK: Does This Video Show Footage Captured By The Perseverance Mars Rover?,24-02-2021
6,https://checkyourfact.com/2021/02/24/fact-check-nostradamus-western-world-suffer-taken-over-feeble-man-jezebel/,FACT CHECK: Viral Image Claims Nostradamus Wrote That A 'Feeble Man Shall Rule The Western World With a Jezebel',24-02-2021
7,https://checkyourfact.com/2021/02/24/fact-check-photo-ice-inside-houston-home-february-2021/,FACT CHECK: Does This Photo Show Ice Inside A Houston Home In February 2021?,24-02-2021
8,https://checkyourfact.com/2021/02/24/fact-check-energy-department-block-texas-increasing-power-winter-storm/,FACT CHECK: Viral Post Claims The Department Of Energy 'Blocked Texas From Increasing Power' Ahead Of The Winter Storm,24-02-2021
9,https://checkyourfact.com/2021/02/24/fact-check-joe-biden-done-nothing-texans-winter-storm/,FACT CHECK: Has Joe Biden Done Nothing To Help Texans During The Winter Storm?,24-02-2021
10,https://checkyourfact.com/2021/02/23/fact-check-australia-scott-morrison-fake-coronavirus-vaccine/,"FACT CHECK: No, Australia's Prime Minister Did Not Fake Getting The COVID-19 Vaccine",23-02-2021
11,https://checkyourfact.com/2021/02/23/fact-check-joe-biden-not-send-tweet-disparaging-minority-cnn-town-hall/,FACT CHECK: Did Joe Biden Send This Tweet Disparaging Minority Communities After His Feb. 16 CNN Town Hall?,23-02-2021
12,https://checkyourfact.com/2021/02/23/fact-check-ted-cruz-fundraising-email-cancel-culture-cancun-trip/,FACT CHECK: Did Ted Cruz Send A Fundraising Email Blaming 'Liberal Cancel Culture' For Cutting His Cancun Trip Short?,23-02-2021
13,https://checkyourfact.com/2021/02/23/fact-check-photo-protest-covid-restrictions-romania/,FACT CHECK: Does This Photo Show A Protest Against COVID-19 Restrictions In Romania?,23-02-2021
14,https://checkyourfact.com/2021/02/23/fact-check-image-show-nancy-pelosis-congressional-district/,FACT CHECK: Does This Image Show Part Of Nancy Pelosi's Congressional District?,23-02-2021
15,https://checkyourfact.com/2021/02/22/fact-check-cps-energy-statement-power-grid-texas/,FACT CHECK: Did CPS Energy Release This Statement About The Power Grid?,22-02-2021
16,https://checkyourfact.com/2021/02/22/fact-check-nancy-pelosi-need-vote-democrats-illegal-aliens-lose-rights/,"FACT CHECK: Did Nancy Pelosi Say, 'You Need To Vote For The Democrats, Otherwise The Illegal Aliens Will Lose Their Rights'?",22-02-2021
17,https://checkyourfact.com/2021/02/22/fact-check-fema-800-food-vouchers-texans-winter-storm/,FACT CHECK: Is FEMA Giving $800 Food Vouchers To Texans Affected By The Winter Storm?,22-02-2021
18,https://checkyourfact.com/2021/02/22/fact-check-utah-recall-mitt-romney/,FACT CHECK: Has Utah Started The Recall Process For Mitt Romney?,22-02-2021
19,https://checkyourfact.com/2021/02/20/fact-check-donald-trump-jr-texas-democratic-governor/,FACT CHECK: Did Donald Trump Jr Say Texas Has A Democratic Governor?,20-02-2021
0,https://checkyourfact.com/2021/02/19/fact-check-ted-cruz-tweet-believe-climate-change-texas-freezes-over/,"FACT CHECK: Did Ted Cruz Tweet, ‘I’ll Believe In Climate Change When Texas Freezes Over’?",19-02-2021
1,https://checkyourfact.com/2021/02/19/fact-check-disney-ceo-bob-chapek-jail-abusing-children/,FACT CHECK: Is Disney CEO Bob Chapek In Jail For Abusing Children?,19-02-2021
2,https://checkyourfact.com/2021/02/19/fact-check-joel-osteen-church-texans-winter-storm/,"FACT CHECK: Yes, Joel Osteen Has Opened His Church To Texans In Need During The Winter Storm",19-02-2021
3,https://checkyourfact.com/2021/02/19/fact-check-fema-paying-hotel-rooms-texas/,FACT CHECK: Is FEMA Paying For Hotel Rooms In Texas?,19-02-2021
4,https://checkyourfact.com/2021/02/19/fact-check-ice-covered-boats-texas-switzerland/,FACT CHECK: Viral Image Claims To Show Ice-Covered Boats In Texas During February 2021,19-02-2021
5,https://checkyourfact.com/2021/02/19/fact-check-starbucks-ceo-support-traditional-marriage-dont-buy-coffee/,"FACT CHECK: Did The CEO Of Starbucks Say, ‘If You Support Traditional Marriage Don’t Buy Our Coffee’?",19-02-2021
6,https://checkyourfact.com/2021/02/18/fact-check-sheila-jackson-lee-time-for-wrinkly-white-has-beens-die/,"FACT CHECK: Did Sheila Jackson Lee Say It's Time For 'Wrinkly, White-Aged Has-Beens' To Die?",18-02-2021
7,https://checkyourfact.com/2021/02/18/fact-check-boris-johnson-disparaging-comment-scotland-speech/,FACT CHECK: Did Boris Johnson Make This Disparaging Comment About Scotland In 2019?,18-02-2021
8,https://checkyourfact.com/2021/02/18/fact-check-adam-schiff-visited-jeffrey-epstein-island/,FACT CHECK: Image Claims Adam Schiff Visited Jeffrey Epstein's Island 78 Times,18-02-2021
9,https://checkyourfact.com/2021/02/18/fact-check-kamala-harris-say-hes-white-going-to-be-racist/,"FACT CHECK: Did Kamala Harris Say, ‘If He’s White, He’s Going To Be Racist’?",18-02-2021
10,https://checkyourfact.com/2021/02/17/fact-check-helicopter-deicer-fossil-fuels-wind-turbine-texas/,FACT CHECK: Does This Photo Show A Helicopter Spraying De-Icer Made From Fossil Fuels On A Texas Wind Turbine In 2021?,17-02-2021
11,https://checkyourfact.com/2021/02/17/fact-check-california-not-require-signature-verification-mail-in-ballots/,FACT CHECK: Viral Post Claims California Did Not Require Signature Verification For Mail-In Ballots,17-02-2021
12,https://checkyourfact.com/2021/02/17/fact-check-joe-biden-left-hand-body-double/,FACT CHECK: Does This Image Show Joe Biden Writing With His Left Hand?,17-02-2021
13,https://checkyourfact.com/2021/02/16/fact-check-photo-nancy-pelosi-miss-lube-rack-1959/,"FACT CHECK: No, This Photo Does Not Show Nancy Pelosi As 'Miss Lube Rack 1959'",16-02-2021
14,https://checkyourfact.com/2021/02/16/fact-check-kamala-harris-veterans-get-job-shuttering-facilities/,FACT CHECK: 'So Here’s A Message To The Soldier Boys. Get a job' – Did Kamala Harris Make This Statement About Veterans Affairs?,16-02-2021
15,https://checkyourfact.com/2021/02/16/fact-check-nabisco-bakeries-mexico-joe-biden/,FACT CHECK: Is Nabisco Moving Two Bakeries To Mexico As A Result Of Joe Biden's Presidency?,16-02-2021
16,https://checkyourfact.com/2021/02/15/fact-check-fire-supression-yale-beinecke-library-oxygen-kill-people/,"FACT CHECK: Does The Fire Suppression System In Yale's Beinecke Library Cut Off Oxygen If There Is A Fire, Killing Those Inside?",15-02-2021
17,https://checkyourfact.com/2021/02/15/fact-check-keanu-reeves-hollywood-elites-drink-baby-blood-high/,FACT CHECK: Did Keanu Reeves Say Hollywood Elites Drink The 'Blood Of Babies' To Get High?,15-02-2021
18,https://checkyourfact.com/2021/02/15/fact-check-joe-biden-pardon-2617-black-lives-matter-protesters/,"FACT CHECK: Did Joe Biden 'Quietly' Pardon 2,617 Black Lives Matter Protesters?",15-02-2021
19,https://checkyourfact.com/2021/02/15/fact-check-my-pillow-mike-lindell-capitol-rioters-drugged-antifa-sluts/,FACT CHECK: Did My Pillow CEO Mike Lindell Say The Capitol Rioters Were Drugged By 'Antifa Sluts'?,15-02-2021
0,https://checkyourfact.com/2021/02/12/fact-check-presidential-transition-enhancement-act-trump-control-military/,FACT CHECK: Does The Presidential Transition Enhancement Act Allow Trump To Keep Control Of The Military For 60 Days After His Term Ended?,12-02-2021
1,https://checkyourfact.com/2021/02/12/fact-check-sheila-jackson-lee-homicide-leading-cause-murder/,"FACT CHECK: Did Sheila Jackson Lee Say, 'Homicide Is The Leading Cause Of Murder'?",12-02-2021
2,https://checkyourfact.com/2021/02/11/fact-check-joe-biden-cancel-250-million-historically-black-colleges-universities/,FACT CHECK: Did Joe Biden Cancel $250 Million For Historically Black Colleges And Universities?,11-02-2021
3,https://checkyourfact.com/2021/02/11/fact-check-tampa-bay-buccaneers-refuse-invitation-white-house/,FACT CHECK: Did The Tampa Bay Buccaneers Refuse To Go To The White House?,11-02-2021
4,https://checkyourfact.com/2021/02/11/fact-check-gorilla-glue-profane-tweet-hair/,"FACT CHECK: No, Gorilla Glue Didn't Send This Profane Tweet About Not Using Its Products On Hair",11-02-2021
5,https://checkyourfact.com/2021/02/11/fact-check-joe-biden-defund-veterans-affairs/,FACT CHECK: Did Joe Biden Announce He Will Defund The Department Of Veterans Affairs?,11-02-2021
6,https://checkyourfact.com/2021/02/10/fact-check-joe-biden-buy-man-fish-teach-fish-man-lifetime/,"FACT CHECK: Did Joe Biden Say, 'Buy A Man A Fish, He Day, Teach Fish Man, To A Lifetime'?",10-02-2021
7,https://checkyourfact.com/2021/02/10/fact-check-shell-laying-off-9000-workers-joe-biden/,"FACT CHECK: Is Shell Laying Off 9,000 Workers Because Of Joe Biden?",10-02-2021
8,https://checkyourfact.com/2021/02/10/fact-check-indian-news-outlet-report-greta-thunberg-muslim-woman/,FACT CHECK: Did This Indian News Outlet Falsely Report That Greta Thunberg Is A Muslim Woman?,10-02-2021
9,https://checkyourfact.com/2021/02/10/fact-check-the-weeknd-satan-super-bowl-halftime-show/,FACT CHECK: Did The Weeknd Flash The Word 'Satan' During His Super Bowl Halftime Performance?,10-02-2021
10,https://checkyourfact.com/2021/02/09/fact-check-hillary-clinton-ankle-monitor-new-york/,FACT CHECK: Does This Image Show Hillary Clinton Wearing An Ankle Monitor?,09-02-2021
11,https://checkyourfact.com/2021/02/09/fact-check-image-joe-biden-asleep-oval-office/,FACT CHECK: Does This Image Show Joe Biden Asleep In The Oval Office?,09-02-2021
12,https://checkyourfact.com/2021/02/09/fact-check-video-nigerian-students-jumping-avoid-coronavirus-vaccines/,FACT CHECK: Does This Video Show Nigerian Students Jumping From A School Building To Avoid Taking COVID-19 Vaccines?,09-02-2021
13,https://checkyourfact.com/2021/02/08/fact-check-image-parent-deported-reuniting-son/,FACT CHECK: Does This Image Show A Parent Who Had Been Deported Reuniting With His Son In 2021?,08-02-2021
14,https://checkyourfact.com/2021/02/08/fact-check-walmart-sold-chinese-investors/,FACT CHECK: Was Walmart Sold To A Group Of Chinese Investors?,08-02-2021
15,https://checkyourfact.com/2021/02/05/fact-check-mike-lindell-absolute-proof-election-fraud/,Fact-Checking My Pillow CEO Mike Lindell's 'Absolute Proof' Election Fraud Special,05-02-2021
16,https://checkyourfact.com/2021/02/05/fact-check-who-masks-no-longer-worn/,FACT CHECK: Did The WHO Say Face Masks No Longer Need To Be Worn?,05-02-2021
17,https://checkyourfact.com/2021/02/05/fact-check-rachel-levine-vanity-fair-magazine-cover-tweet/,FACT CHECK: Was Rachel Levine Featured On A Vanity Fair Magazine Cover?,05-02-2021
18,https://checkyourfact.com/2021/02/05/fact-check-protesters-stormed-capitol-kavanaugh-confirmation/,FACT CHECK: Does This Photo Show Protesters Who 'Stormed The US Capitol' During Kavanaugh's 2018 Confirmation?,05-02-2021
19,https://checkyourfact.com/2021/02/04/fact-check-image-uk-document-government-ministers-destroy-businesses/,FACT CHECK: Does This Image Show A UK Cabinet Office Document Telling Government Ministers How To Destroy Businesses?,04-02-2021
0,https://checkyourfact.com/2021/02/04/fact-check-video-thailand-health-minister-covid-vaccine/,FACT CHECK: Does This Video Show Thailand's Health Minister Receiving The COVID-19 Vaccine?,04-02-2021
1,https://checkyourfact.com/2021/02/04/fact-check-white-house-dark-10th-day-row/,FACT CHECK: Viral Image Claims To Show The White House Dark For The '10th Night In A Row',04-02-2021
2,https://checkyourfact.com/2021/02/03/fact-check-donald-trump-speaking-military-january/,FACT CHECK: Does This Photo Show Trump Speaking To The Military In January 2021?,03-02-2021
3,https://checkyourfact.com/2021/02/03/fact-check-rachel-levine-family/,FACT CHECK: Does This Image Show Rachel Levine With Her Family?,03-02-2021
4,https://checkyourfact.com/2021/02/03/fact-check-rush-limbaugh-letter-donald-trump-thanking-last-four-years/,FACT CHECK: Did Rush Limbaugh Write This Open Letter Thanking Donald Trump For The 'Last Four Years'?,03-02-2021
5,https://checkyourfact.com/2021/02/02/fact-check-myanmar-dominion-voting-systems-election/,"FACT CHECK: No, Myanmar Did Not Use Dominion Voting Systems In Its November 2020 Election",02-02-2021
6,https://checkyourfact.com/2021/02/02/fact-check-cnn-biden-administration-lower-age-consent-8/,FACT CHECK: Did CNN Report That The Biden Administration Lowered The Age Of Consent To 8?,02-02-2021
7,https://checkyourfact.com/2021/02/01/fact-check-cicero-9-observations-roman-society/,FACT CHECK: Did Cicero Write These 9 Observations About Roman Society?,01-02-2021
8,https://checkyourfact.com/2021/02/01/fact-check-hm-koolest-kid-klan-sweatshirt/,FACT CHECK: Is H&M Selling A 'Koolest Kid In The Klan' Sweatshirt?,01-02-2021
9,https://checkyourfact.com/2021/01/31/fact-check-bill-gates-three-billion-people-need-die-population/,FACT CHECK: Did Bill Gates Say 3 Billion People Need To Die?,31-01-2021
10,https://checkyourfact.com/2021/01/29/fact-check-cnn-headline-gamestop-reddit-hedge-fund/,FACT CHECK: Does This Image Show A Real CNN Headline Related To GameStop's Stock Price Increase?,29-01-2021
11,https://checkyourfact.com/2021/01/29/fact-check-joe-biden-sign-blank-executive-orders/,FACT CHECK: Did Joe Biden Sign Blank Executive Orders?,29-01-2021
12,https://checkyourfact.com/2021/01/28/fact-check-hank-aaron-killed-covid-vaccine-natural-causes/,FACT CHECK: Viral Image Falsely Claims Hank Aaron Was 'Killed' By A COVID-19 Vaccine,28-01-2021
13,https://checkyourfact.com/2021/01/28/fact-check-jim-jordan-statement-donald-trump-second-impeachment/,FACT CHECK: Did Jim Jordan Author This Statement About Donald Trump's Second Impeachment?,28-01-2021
14,https://checkyourfact.com/2021/01/28/fact-check-joe-jill-biden-babysitter-wife-hospitalized/,FACT CHECK: Viral Image Makes False Claim About Joe And Jill Biden's Relationship,28-01-2021
15,https://checkyourfact.com/2021/01/28/fact-check-video-navy-ships-coast-california/,FACT CHECK: Does This Video Show A 'Massive Deployment' Of Navy Ships?,28-01-2021
16,https://checkyourfact.com/2021/01/28/fact-check-they-will-beg-me-for-a-loaf-of-bread-did-kamala-harris-make-this-statement-about-trump-supporters/,FACT CHECK: 'They Will Beg Me For A Loaf Of Bread' – Did Kamala Harris Make This Statement About Trump Supporters?,28-01-2021
17,https://checkyourfact.com/2021/01/27/fact-check-joe-biden-chinese-handle-david-cho-secret-service/,FACT CHECK: Does This Image Show Joe Biden's 'Chinese Handler'?,27-01-2021
18,https://checkyourfact.com/2021/01/27/fact-check-viral-image-fox-news-joe-biden-confiscate-farm-equipment/,FACT CHECK: Viral Image Claims To Show Fox News Article About Joe Biden's Plan To 'Confiscate Farm Equipment',27-01-2021
19,https://checkyourfact.com/2021/01/26/fact-check-email-hillary-clinton-pizza-arrangement/,FACT CHECK: Did Hillary Clinton Send This 2011 Email To Barack Obama Discussing 'The Pizza Arrangement'?,26-01-2021
0,https://checkyourfact.com/2021/01/26/fact-check-article-defense-secretary-lloyd-austin-defunding-disbanding-army/,"FACT CHECK: Viral Image Claims To Show Article About Defense Secretary Lloyd Austin Considering ‘Defunding, Maybe Disbanding’ The US Army",26-01-2021
1,https://checkyourfact.com/2021/01/25/fact-check-joe-biden-executive-order-tear-down-border-wall/,FACT CHECK: Did Joe Biden Sign An Executive Order To Tear Down The US-Mexico Border Wall?,25-01-2021
2,https://checkyourfact.com/2021/01/25/fact-check-oval-office-fumigated-joe-biden-arrival/,FACT CHECK: Does This Image Show The Oval Office Being Fumigated Before Biden's Arrival?,25-01-2021
3,https://checkyourfact.com/2021/01/25/fact-check-fox-news-joe-biden-president-400000-americans-dead/,"FACT CHECK: Did Fox News Report That 'Joe Biden Has Been President For Nine Hours And 400,000 Americans Are Dead'?",25-01-2021
4,https://checkyourfact.com/2021/01/25/fact-check-joe-biden-hillary-clinton-not-wearing-face-masks/,FACT CHECK: Viral Post Claims To Show Joe Biden And Hillary Clinton Not Wearing Masks During The COVID-19 Pandemic,25-01-2021
5,https://checkyourfact.com/2021/01/22/fact-check-donald-trump-pardon-joe-exotic-inauguration/,FACT CHECK: Did Donald Trump Pardon Joe Exotic?,22-01-2021
6,https://checkyourfact.com/2021/01/22/fact-check-kamala-harris-purse-bible-oath-inauguration/,FACT CHECK: Did Kamala Harris Place Her Hand On A Purse While Taking Her Oath Of Office?,22-01-2021
7,https://checkyourfact.com/2021/01/22/fact-check-footage-military-helicopters-dc-january/,FACT CHECK: Does This Footage Show Military Helicopters Flying Over DC In January 2021?,22-01-2021
8,https://checkyourfact.com/2021/01/22/fact-check-rachel-levin-associated-press-hostile-misgendering/,FACT CHECK: Viral Image Claims To Show Article About Rachel Levine Vowing To Make 'Hostile Misgendering' A Mental Illness Under New Health Guidelines,22-01-2021
9,https://checkyourfact.com/2021/01/21/fact-check-donald-trump-letter-joe-biden-you-know-i-won/,FACT CHECK: 'You Know I Won' – Does This Image Show The Letter Donald Trump Left Joe Biden?,21-01-2021
10,https://checkyourfact.com/2021/01/21/fact-check-video-donald-trump-national-guard-soldiers-dc/,FACT CHECK: Does This Video Show Donald Trump Greeting National Guard Members In DC?,21-01-2021
11,https://checkyourfact.com/2021/01/20/fact-check-video-military-band-hit-road-jack-white-house/,FACT CHECK: Does This Video Show A Military Band Outside The White House Playing 'Hit The Road Jack'?,20-01-2021
12,https://checkyourfact.com/2021/01/20/fact-check-nancy-pelosi-chief-staff-ceo-dominion-voting-systems/,FACT CHECK: Is Nancy Pelosi’s Chief Of Staff Also The CEO Of Dominion Voting Systems?,20-01-2021
13,https://checkyourfact.com/2021/01/20/fact-check-cbs-news-tweet-florida-man-arrested-kidnapping-yahtzee/,FACT CHECK: Did CBS News Tweet That A Florida Man Was Arrested For Kidnapping People And 'Forcing Them To Play Yahtzee'?,20-01-2021
14,https://checkyourfact.com/2021/01/19/fact-check-donald-trump-insurrection-act-cancel-inauguration-revoke-licenses-media/,"FACT CHECK: Viral Post Claims Biden's Inauguration Has Been Canceled, Trump Will Remain In Office And The Licenses Of Major Networks Are Being Revoked",19-01-2021
15,https://checkyourfact.com/2021/01/19/fact-check-health-care-workers-sheet-jesus-stops-virus/,"FACT CHECK: Did Health Care Workers Hold Up A Sheet That Reads, 'Jesus Stops This Virus'?",19-01-2021
16,https://checkyourfact.com/2021/01/19/fact-check-livermore-marshall-kamena-donald-trump-evan-sayet/,"FACT CHECK: Did The Livermore, California, Mayor Write This Piece Explaining Donald Trump's 'Success And Popularity'?",19-01-2021
17,https://checkyourfact.com/2021/01/18/fact-check-marine-corps-deny-nancy-pelosis-request-security-joe-bidens-inauguration/,FACT CHECK: Viral Post Claims The Marine Corps Refused Nancy Pelosi's Request For Troops For Inauguration Security,18-01-2021
18,https://checkyourfact.com/2021/01/18/fact-check-cnn-correction-dorito-chip-qanon-pin-ted-cruz/,FACT CHECK: Did CNN Issue A Correction About Mistaking A Dorito Chip For A QAnon Pin?,18-01-2021
19,https://checkyourfact.com/2021/01/18/fact-check-alexandria-ocasio-cortez-tweet-stole-shoes-capitol-riot/,FACT CHECK: Did Alexandria Ocasio-Cortez Tweet That Someone Stole Shoes From Her Office During The Capitol Riot?,18-01-2021
0,https://checkyourfact.com/2021/01/18/fact-check-italian-president-sergio-mattarella-arrested-mike-pompeo/,FACT CHECK: Has Italian President Sergio Mattarella Been Arrested?,18-01-2021
1,https://checkyourfact.com/2021/01/18/fact-check-apple-disable-emergency-alert-system-iphones-ios-update/,FACT CHECK: Did Apple Disable The Emergency Alert System On iPhones In The Latest iOS Update?,18-01-2021
2,https://checkyourfact.com/2021/01/16/fact-check-young-people-stopping-police-ballot-box-uganda/,FACT CHECK: Does This Photo Show Young People Stopping A Police Officer From Stealing A Ballot Box During Uganda's 2021 Presidential Election?,16-01-2021
3,https://checkyourfact.com/2021/01/15/fact-check-video-women-arrested-capitol-riot/,FACT CHECK: Does This Video Show Women Being Arrested On Their Way Back From The Capitol Riot?,15-01-2021
4,https://checkyourfact.com/2021/01/14/fact-check-lego-capitol-invasion-toy-set-two-months-ago/,"FACT CHECK: No, Lego Did Not Release A 'Capitol Invasion' Toy Set Two Months Ago",14-01-2021
5,https://checkyourfact.com/2021/01/14/fact-check-squad-tlaib-omar-ocasio-cortez-clothing-swastikas/,FACT CHECK: Were Members Of 'The Squad' Pictured Wearing Clothing With Swastikas?,14-01-2021
6,https://checkyourfact.com/2021/01/13/fact-check-national-geographic-cover-indian-farmers-protest/,FACT CHECK: Does This Image Show A Real National Geographic Cover About The Indian Farmers' Protests?,13-01-2021
7,https://checkyourfact.com/2021/01/13/fact-check-barack-obama-tweet-mocking-donald-trump-banned-twitter/,FACT CHECK: Did Barack Obama Send This Tweet Seemingly Poking Fun At Donald Trump's Twitter Suspension?,13-01-2021
8,https://checkyourfact.com/2021/01/13/fact-check-video-capitol-rioter-federal-no-fly-list-face-mask/,FACT CHECK: Does This Video Show A Capitol Rioter Finding Out He's On The Federal No-Fly List?,13-01-2021
9,https://checkyourfact.com/2021/01/13/fact-check-alexandria-ocasio-cortez-tweet-roundup-conservative-traitors/,FACT CHECK: Did Alexandria Ocasio-Cortez Tweet That It's Time To 'Roundup All Conservative Traitors'?,13-01-2021
10,https://checkyourfact.com/2021/01/12/fact-check-donald-trump-invoke-insurrection-act/,FACT CHECK: Did Donald Trump Invoke The Insurrection Act?,12-01-2021
11,https://checkyourfact.com/2021/01/12/fact-check-video-batman-arriving-capitol-riot-george-floyd/,FACT CHECK: Does This Video Show Batman Arriving At The Capitol Riot?,12-01-2021
12,https://checkyourfact.com/2021/01/12/fact-check-pope-indicted-charges-child-trafficking-fraud/,FACT CHECK: Was Pope Francis Arrested On Charges Including Human Trafficking And Fraud?,12-01-2021
13,https://checkyourfact.com/2021/01/12/fact-check-did-dave-ramsey-author-this-statement-about-the-us-losing-its-collective-mind/,FACT CHECK: Did Dave Ramsey Author This Statement About The US Losing 'Its Collective Mind'?,12-01-2021
14,https://checkyourfact.com/2021/01/11/fact-check-nancy-pelosi-letter-ted-wheeler-protests-riots-portland/,FACT CHECK: Did Nancy Pelosi Send This Letter To Portland Mayor Ted Wheeler?,11-01-2021
15,https://checkyourfact.com/2021/01/11/fact-check-olive-garden-revoke-sean-hannity-lifetime-pasta-pass/,FACT CHECK: Did Olive Garden Revoke Sean Hannity's Lifetime Pasta Pass?,11-01-2021
16,https://checkyourfact.com/2021/01/11/fact-check-fbi-confirm-antifa-breached-capitol/,FACT CHECK: Did The FBI Confirm That Antifa Activists Stormed The Capitol?,11-01-2021
17,https://checkyourfact.com/2021/01/11/fact-check-npr-headline-capitol-riot-before-occurred/,FACT CHECK: Did NPR Publish A Headline About The Capitol Riot Before It Occurred?,11-01-2021
18,https://checkyourfact.com/2021/01/08/fact-check-photo-trump-supporters-protesting-dc-jan-5/,"FACT CHECK: No, This Photo Doesn't Show Trump Supporters Protesting In DC On Jan. 5",08-01-2021
19,https://checkyourfact.com/2021/01/08/fact-check-mike-pence-resign-dec-31/,"FACT CHECK: Viral Image Falsely Claims Mike Pence Resigned On Dec. 31, 2020",08-01-2021
0,https://checkyourfact.com/2021/01/08/fact-check-cnn-report-antifa-taken-responsibility-storming-capitol/,FACT CHECK: Did CNN Report That Antifa Took Responsibility For Storming The Capitol?,08-01-2021
1,https://checkyourfact.com/2021/01/08/fact-check-simpsons-predict-horned-rioter-storm-capitol/,FACT CHECK: Did 'The Simpsons' Predict The Horned Rioter Would Storm The Capitol?,08-01-2021
2,https://checkyourfact.com/2021/01/08/fact-check-mike-pence-twitter-cover-photo-kamala-harris-joe-biden/,FACT CHECK: Did Mike Pence Change His Twitter Cover Photo To One Of Kamala Harris And Joe Biden?,08-01-2021
3,https://checkyourfact.com/2021/01/08/fact-check-photographic-evidence-rioter-capitol-antifa/,FACT CHECK: Viral Post Claims To Show 'Photographic Evidence' That The Rioter Pictured Is An Antifa Member,08-01-2021
4,https://checkyourfact.com/2021/01/08/fact-check-19-female-bodies-serial-killer-portland-oregon/,"FACT CHECK: Were 19 Female Bodies Discovered Near The Springwater Corridor In Portland, Oregon?",08-01-2021
5,https://checkyourfact.com/2021/01/07/fact-check-facial-recognition-firm-antifa-capitol-riot/,FACT CHECK: Viral Image Claims A Facial Recognition Firm Identified Members Of Antifa At The US Capitol,07-01-2021
6,https://checkyourfact.com/2021/01/07/fact-check-nancy-pelosi-tweet-white-nationalist-vandalize-house/,FACT CHECK: Did Nancy Pelosi Send This Tweet About Her Home Being Vandalized?,07-01-2021
7,https://checkyourfact.com/2021/01/07/fact-check-shredded-ballots-georgia-paper-waste/,FACT CHECK: Does This Image Show Shredded Ballots In Georgia?,07-01-2021
8,https://checkyourfact.com/2021/01/07/fact-check-audit-dominion-voting-systems-nevada-error-70-percent/,FACT CHECK: Did An Audit Of Dominion Voting Systems Machines In Nevada Show A 70% Error Rate?,07-01-2021
9,https://checkyourfact.com/2021/01/07/fact-check-photo-crowds-trump-voters-dc-jan-5/,FACT CHECK: Does This Photo Show Crowds Of Trump Voters In DC On Jan. 5?,07-01-2021
10,https://checkyourfact.com/2021/01/07/fact-check-man-horned-hat-capitol-antifa-trump-supporter/,FACT CHECK: Viral Posts Falsely Claim A Man Wearing A Horned Hat In The Capitol Is Antifa,07-01-2021
11,https://checkyourfact.com/2021/01/06/fact-check-counterfeit-ballots-found-warehouse-fulton-county-georgia/,"FACT CHECK: Were Counterfeit Ballots Found At A Warehouse In Fulton County, Georgia?",06-01-2021
12,https://checkyourfact.com/2021/01/06/fact-check-viral-post-dominion-voting-machine-hacked-live-tv/,FACT CHECK: Viral Post Claims A Dominion Voting System Machine Was Hacked On Live TV,06-01-2021
13,https://checkyourfact.com/2021/01/06/fact-check-photo-massive-crowd-national-mall-dc-january/,FACT CHECK: Does This Photo Show A Massive Crowd On The DC National Mall In Early January 2021?,06-01-2021
14,https://checkyourfact.com/2021/01/06/fact-check-margaret-keenan-wear-same-clothes-second-dose-covid-19-vaccine/,FACT CHECK: Did Margaret Keenan Wear The Same Clothes When She Received The Second Dose Of The COVID-19 Vaccine?,06-01-2021
15,https://checkyourfact.com/2021/01/05/fact-check-caravan-trump-supporters-dc-protest-election/,FACT CHECK: Does This Image Show A Caravan Of Trump Supporters Going To D.C. To Protest The Election Results?,05-01-2021
16,https://checkyourfact.com/2021/01/05/fact-check-joe-biden-not-resigned-president-elect/,"FACT CHECK: No, Joe Biden Has Not Resigned As President-Elect",05-01-2021
17,https://checkyourfact.com/2021/01/05/fact-check-trump-caravan-california-dc-january/,FACT CHECK: Does This Image Show A Pro-Trump Caravan Driving From California To DC In January?,05-01-2021
18,https://checkyourfact.com/2021/01/05/fact-check-joe-biden-war-hero-rhodes-scholar-creating-nasa/,"FACT CHECK: Was Joe Biden A War Hero, Rhodes Scholar And Instrumental In Creating NASA, As This Image Claims?",05-01-2021
19,https://checkyourfact.com/2021/01/04/fact-check-muriel-bowser-order-businesses-close-trump-supporters-gathering/,FACT CHECK: Did DC Mayor Muriel Bowser Order These Types Of Businesses To Close To 'Discourage Trump Supporters From Gathering'?,04-01-2021
0,https://checkyourfact.com/2020/12/31/fact-check-microsoft-acquire-sony/,FACT CHECK: Social Media Posts Falsely Claim Microsoft Acquired Sony,31-12-2020
1,https://checkyourfact.com/2020/12/31/fact-check-colin-powell-say-defense-secretary-court-martial-michael-flynn/,"FACT CHECK: Did Colin Powell Say That If He Was The Defense Secretary, He Would Court-Martial Michael Flynn?",31-12-2020
2,https://checkyourfact.com/2020/12/31/fact-check-photo-suspected-nashville-bomber-trump-2020-hat/,FACT CHECK: Does This Photo Show The Suspected Nashville Bomber Wearing A 'Trump 2020' Hat?,31-12-2020
3,https://checkyourfact.com/2020/12/30/fact-check-brad-raffensperger-brother-work-huawei/,FACT CHECK: Does Brad Raffensperger Have A Brother Who Works For Huawei?,30-12-2020
4,https://checkyourfact.com/2020/12/30/fact-check-adam-schiff-arrested-los-angeles-international-airport/,FACT CHECK: Was Adam Schiff Arrested At Los Angeles International Airport?,30-12-2020
5,https://checkyourfact.com/2020/12/30/fact-check-aaa-tipsy-tow-service-new-year/,FACT CHECK: Is AAA Offering Free 'Tipsy Tow' Service This Upcoming New Year's Eve and New Year's Day?,30-12-2020
6,https://checkyourfact.com/2020/12/29/fact-check-cornell-professor-robert-oswald-covid-not-exist/,FACT CHECK: Did This Cornell University Professor Say That COVID-19 'Does Not Exist'?,29-12-2020
7,https://checkyourfact.com/2020/12/29/fact-check-cnn-chyron-covid-19-vaccine-recipients-eating-patients/,FACT CHECK: Did CNN Air A Chyron About COVID-19 Vaccine Recipients 'Eating Other Patients'?,29-12-2020
8,https://checkyourfact.com/2020/12/29/fact-check-14-generals-never-take-orders-joe-biden/,FACT CHECK: Did 14 Generals Say They Will Never Take Orders From Joe Biden?,29-12-2020
9,https://checkyourfact.com/2020/12/29/fact-check-nashville-explosion-missile-strike/,FACT CHECK: Was The Nashville Explosion Caused By A Missile Strike?,29-12-2020
10,https://checkyourfact.com/2020/12/29/fact-check-att-contract-audit-dominion-voting-systems-machines-nashville-bombing/,FACT CHECK: Was AT&T Awarded A Contract To Audit Dominion Voting Systems Machines?,29-12-2020
11,https://checkyourfact.com/2020/12/28/fact-check-covid-19-economic-aid-bill-raises-members-congress/,FACT CHECK: Does The COVID Relief And Government Spending Package Include Raises For Members Of Congress?,28-12-2020
12,https://checkyourfact.com/2020/12/28/fact-check-congress-language-nullifies-insurrection-act-covid-relief-package/,FACT CHECK: Did Congress Hide Language That 'Nullifies' The Insurrection Act In The COVID Relief And Government Spending Package?,28-12-2020
13,https://checkyourfact.com/2020/12/24/fact-check-video-great-conjunction-jupiter-saturn-solar-eclipse/,FACT CHECK: Does This Video Show The Recent 'Great Conjunction' Of Jupiter And Saturn?,24-12-2020
14,https://checkyourfact.com/2020/12/24/fact-check-photo-justin-trudeau-participate-protest-support-indian-farmers/,FACT CHECK: Does This Photo Show Justin Trudeau Participating In A Protest In Support Of Indian Farmers?,24-12-2020
15,https://checkyourfact.com/2020/12/23/fact-check-joe-biden-nominate-charlotte-clymer-secretary-education/,FACT CHECK: Did Joe Biden Nominate Charlotte Clymer For Secretary Of Education?,23-12-2020
16,https://checkyourfact.com/2020/12/23/fact-check-mike-pence-covid-vaccine-cap-needle/,FACT CHECK: Does This Photo Show Mike Pence Being Vaccinated For COVID-19 With The Cap On The Needle?,23-12-2020
17,https://checkyourfact.com/2020/12/23/fact-check-prague-newspaper-article-joe-biden-supporters-fools/,FACT CHECK: Did A Prague Newspaper Publish An Article Calling Joe Biden Supporters Fools?,23-12-2020
18,https://checkyourfact.com/2020/12/23/fact-check-cdc-tweet-ethical-shoplift-coronavirus/,FACT CHECK: Did The CDC Tweet That It Is 'More Ethical To Shoplift And Leave The Store' To Prevent COVID-19 Spread?,23-12-2020
19,https://checkyourfact.com/2020/12/23/fact-check-barack-obama-joe-biden-tweets-free-bobi-wine/,"FACT CHECK: Did Barack Obama And Joe Biden Tweet, '#FreeBobiWine'?",23-12-2020
0,https://checkyourfact.com/2020/12/23/fact-check-photo-protest-banks-covid-restrictions-paris-world-cup/,FACT CHECK: Does This Photo Show A Dec. 18 Protest Against Financial Institutions And COVID-19 Restrictions In Paris?,23-12-2020
1,https://checkyourfact.com/2020/12/22/fact-check-derek-chauvin-george-floyd-killed-prison/,FACT CHECK: Was Former Minneapolis Police Officer Derek Chauvin Killed In Prison?,22-12-2020
2,https://checkyourfact.com/2020/12/22/fact-check-donald-trump-tweet-declared-martial-law/,FACT CHECK: Did Donald Trump Tweet That He Has ‘Declared Martial Law’?,22-12-2020
3,https://checkyourfact.com/2020/12/22/fact-check-stacey-abrams-dont-need-farmers-have-grocery-stores/,"FACT CHECK: Did Stacey Abrams Say, 'We Don't Need Farmers, When We Have Grocery Stores'?",22-12-2020
4,https://checkyourfact.com/2020/12/22/fact-check-pfizer-create-covid-vaccine-vaporizer-cartridge/,FACT CHECK: Did Pfizer Create A COVID-19 Vaccine 'Vaporizer Cartridge'?,22-12-2020
5,https://checkyourfact.com/2020/12/22/fact-check-joe-bidens-brother-in-law-own-dominion-voting-systems/,FACT CHECK: Does Joe Biden's Brother-In-Law Own Dominion Voting Systems?,22-12-2020
6,https://checkyourfact.com/2020/12/21/fact-check-20-people-attend-joe-bidens-campaign-rally-georgia/,FACT CHECK: Did Only 20 People Attend Joe Biden's Dec. 15 Campaign Rally In Georgia?,21-12-2020
7,https://checkyourfact.com/2020/12/21/fact-check-tiffany-dover-nurse-fainted-covid-vaccine-dead/,FACT CHECK: Has The Tennessee Nurse Who Fainted After Receiving A COVID-19 Vaccine Shot Died?,21-12-2020
8,https://checkyourfact.com/2020/12/21/fact-check-photo-john-roberts-ghislaine-maxwell-jean-luc-brunel/,FACT CHECK: Does This Photo Show Chief Justice John Roberts With Ghislaine Maxwell?,21-12-2020
9,https://checkyourfact.com/2020/12/21/fact-check-orange-cap-covered-needle-covid-vaccine-nancy-pelosi/,FACT CHECK: Viral Post Claims An Orange Cap Covered The Needle During Nancy Pelosi's COVID-19 Vaccination,21-12-2020
10,https://checkyourfact.com/2020/12/21/fact-check-georgia-bureau-investigation-agent-killed-election/,FACT CHECK: Was A Georgia Bureau Of Investigation Agent Killed For Investigating The Election?,21-12-2020
11,https://checkyourfact.com/2020/12/18/fact-check-defense-chris-miller-syringe-needleless-coronavirus/,FACT CHECK: Does This Photo Show Acting Defense Secretary Chris Miller Receiving A COVID-19 Vaccine With A Needle-Less Syringe?,18-12-2020
12,https://checkyourfact.com/2020/12/18/fact-check-covid-winter-activity-restrictions-infographic-pennsylvania/,FACT CHECK: Viral Image Claims To Show A 'COVID-19 Winter Activity Restrictions' Infographic Created By The Pennsylvania Department Of Health,18-12-2020
13,https://checkyourfact.com/2020/12/18/fact-check-trump-campaign-inauguration-mar-a-lago/,FACT CHECK: Is This Statement A Real Trump Campaign Announcement About A Separate Inauguration At Mar-A-Lago?,18-12-2020
14,https://checkyourfact.com/2020/12/18/fact-check-attorney-general-william-barr-board-dominion-voting-systems/,FACT CHECK: Does Attorney General William Barr Sit On The Board Of Dominion Voting Systems?,18-12-2020
15,https://checkyourfact.com/2020/12/18/fact-check-alabama-nurse-die-coronavirus-pfizer-vaccine/,FACT CHECK: Did An Alabama Nurse Die After Receiving The COVID-19 Vaccine?,18-12-2020
16,https://checkyourfact.com/2020/12/18/fact-check-deputy-attorney-general-donoghues-father-jfk-personal-attorney/,FACT CHECK: Was Deputy Attorney General Richard Donoghue’s Father John F. Kennedy’s Personal Attorney?,18-12-2020
17,https://checkyourfact.com/2020/12/17/fact-check-viral-image-nancy-pelosi-violating-covid-19-guidelines-social-gatherings/,FACT CHECK: Viral Image Claims To Show Nancy Pelosi Violating COVID-19 Safety Guidelines For Social Gatherings,17-12-2020
18,https://checkyourfact.com/2020/12/17/fact-check-time-magazine-xi-jinping-biden-harris-person-year/,FACT CHECK: Did Time Magazine Name China's Xi Jinping As Person Of The Year Alongside Joe Biden And Kamala Harris?,17-12-2020
19,https://checkyourfact.com/2020/12/17/fact-check-photo-trump-supporters-protest-march-for-our-lives/,FACT CHECK: Does This Photo Show Trump Supporters Demonstrating In DC On Dec. 12?,17-12-2020
0,https://checkyourfact.com/2020/12/17/fact-check-computer-shop-owner-allegedly-hunter-bidens-laptop-found-dead/,FACT CHECK: Was The Computer Repair Shop Owner Who Allegedly Brought Forward A Laptop Belonging To Hunter Biden Found Dead?,17-12-2020
1,https://checkyourfact.com/2020/12/17/fact-check-american-medical-association-rescind-statement-hydroxychloroquine-coroanavirus/,FACT CHECK: Did The American Medical Association Rescind Its Statement About Hydroxychloroquine?,17-12-2020
2,https://checkyourfact.com/2020/12/16/fact-check-amy-klobuchar-like-tweet-making-fun-pete-buttigieg/,FACT CHECK: Did Amy Klobuchar Like A Tweet Seemingly Making Fun Of Pete Buttigieg?,16-12-2020
3,https://checkyourfact.com/2020/12/16/fact-check-kamala-harris-christmas-festival-superiority/,FACT CHECK: Did Kamala Harris Call Christmas A 'Festival Of Superiority'?,16-12-2020
4,https://checkyourfact.com/2020/12/16/fact-check-supreme-court-texas-lawsuit-election-different-motion/,FACT CHECK: Did The Supreme Court Signal It Will Hear The Texas Lawsuit To Overturn Election Results If The Suit Gets Refiled As A Different Motion?,16-12-2020
5,https://checkyourfact.com/2020/12/16/fact-check-photos-nurse-administering-covid-19-vaccine-hospitals-200-miles-apart/,FACT CHECK: Do These Photos Show A Nurse Administering The First COVID-19 Vaccine At Two Hospitals 200 Miles Apart?,16-12-2020
6,https://checkyourfact.com/2020/12/15/fact-check-image-kamala-harris-marijuana-cigarette/,FACT CHECK: Image Claims To Show Kamala Harris Holding A Marijuana Cigarette,15-12-2020
7,https://checkyourfact.com/2020/12/15/fact-check-cdc-deliver-groceries-cleaning-supplies-people-quarantine/,FACT CHECK: Does The CDC Deliver Groceries And Cleaning Supplies To People In Quarantine?,15-12-2020
8,https://checkyourfact.com/2020/12/15/fact-check-pope-francis-covid-vaccine-required-heaven/,FACT CHECK: Did Pope Francis Announce That A COVID-19 Vaccine Will Be Required For Entering Heaven?,15-12-2020
9,https://checkyourfact.com/2020/12/14/fact-check-nasa-earth-go-dark-december/,FACT CHECK: Did NASA Announce That Earth Will 'Go Dark For 6 Days In December’?,14-12-2020
10,https://checkyourfact.com/2020/12/14/fact-check-donald-trump-tweet-full-pardon-bill-cosby/,FACT CHECK: Did Trump Tweet That He Is 'Considering A Full Pardon' For Bill Cosby?,14-12-2020
11,https://checkyourfact.com/2020/12/14/fact-check-joe-biden-confirm-agenda-microchip-masses/,FACT CHECK: Did Joe Biden Confirm An 'Agenda To Microchip The Masses'?,14-12-2020
12,https://checkyourfact.com/2020/12/14/fact-check-video-chinese-dancing-robots/,FACT CHECK: Does This Video Show Chinese Dancing Robots?,14-12-2020
13,https://checkyourfact.com/2020/12/11/fact-check-cnn-publish-images-coronavirus-vaccine-recipient-october/,FACT CHECK: Did CNN Publish Images Of The First UK COVID-19 Vaccine Recipient In October?,11-12-2020
14,https://checkyourfact.com/2020/12/11/fact-check-ceo-gofund-me-run-website-popularity-contests-lose-you-die/,"FACT CHECK: Did The CEO Of GoFundMe Say, 'I Run A Website That Hosts Popularity Contests Where If You Lose, You Die'?",11-12-2020
15,https://checkyourfact.com/2020/12/11/fact-check-barack-obama-tweet-regrets-shaking-narendra-modis-hand/,FACT CHECK: Did Barack Obama Tweet That He Regrets Shaking Hands With Indian Prime Minister Narendra Modi?,11-12-2020
16,https://checkyourfact.com/2020/12/11/fact-check-pennsylvania-judge-200349-absentee-ballots-invalid-allegheny/,"FACT CHECK: Did A Pennsylvania Judge Rule That 200,349 Absentee Ballots Are Invalid?",11-12-2020
17,https://checkyourfact.com/2020/12/10/fact-check-margaret-keenan-coronavirus-vaccine-recipient-crisis-actor/,FACT CHECK: Viral Post Falsely Claims The First UK COVID-19 Vaccine Recipient Is A Crisis Actor,10-12-2020
18,https://checkyourfact.com/2020/12/10/fact-check-video-rothschild-bank-fire-protesters-paris-france/,FACT CHECK: Video Claims To Show A Rothschild Bank Lit On Fire By Protesters In France,10-12-2020
19,https://checkyourfact.com/2020/12/10/fact-check-photo-covid-19-vaccine-developer-ugur-sahin/,FACT CHECK: Does This Photo Show COVID-19 Vaccine Developer Ugur Sahin As A Child?,10-12-2020
0,https://checkyourfact.com/2020/12/10/fact-check-dwight-eisenhower-antifa-membership-card/,FACT CHECK: Does This Image Show Dwight Eisenhower’s Antifa Membership Card?,10-12-2020
1,https://checkyourfact.com/2020/12/09/fact-check-donald-trump-no-candidate-won-florida-ohio-lost-election/,FACT CHECK: Trump Claims No Presidential Candidate 'Has Ever Won Both Florida And Ohio And Lost' The Election,09-12-2020
2,https://checkyourfact.com/2020/12/09/fact-check-alexandria-ocasio-cortez-republicans-accept-defeat-have-war/,FACT CHECK: Did Alexandria Ocasio-Cortez Tell Republicans They Can Either 'Accept Defeat' Or 'Have War'?,09-12-2020
3,https://checkyourfact.com/2020/12/09/fact-check-rudy-giuliani-tweet-contract-covid-19-sex-barnyard-animals/,FACT CHECK: Did Rudy Giuliani Tweet That It Is ‘Highly Likely’ People Contract COVID-19 By ‘Having Sex With Barnyard Animals’?,09-12-2020
4,https://checkyourfact.com/2020/12/08/fact-check-kelly-loeffler-wire-debate-georgia/,FACT CHECK: Did Kelly Loeffler Wear A Wire During A Recent Debate?,08-12-2020
5,https://checkyourfact.com/2020/12/08/fact-check-vaccines-negative-80-degrees-transfection-agents-infect-cells/,FACT CHECK: Viral Post Claims A Vaccine Stored At -80 Degrees 'Isn't A Vaccine' And Is Meant For 'Genetic Manipulation',08-12-2020
6,https://checkyourfact.com/2020/12/08/fact-check-school-bus-voting-machines-buckeye-arizona/,FACT CHECK: Was An Abandoned School Bus 'Filled With Voting Machines' Found In Arizona?,08-12-2020
7,https://checkyourfact.com/2020/12/08/fact-check-mansion-kelly-loeffler-steve-harvey/,FACT CHECK: Does This Photo Show Kelly Loeffler's House?,08-12-2020
8,https://checkyourfact.com/2020/12/08/fact-check-two-georgia-state-senators-counting-ballots/,FACT CHECK: Does This Image Show Two Georgia State Senators Found Counting Ballots?,08-12-2020
9,https://checkyourfact.com/2020/12/08/fact-check-3000-ballots-found-lake-erie-pennsylvania/,"FACT CHECK: No, 3,000 Ballots Were Not Found Floating In Lake Erie",08-12-2020
10,https://checkyourfact.com/2020/12/07/fact-check-joe-biden-walking-boot-left-right-wrong-foot-major-dog/,FACT CHECK: Image Claims To Show Joe Biden Wearing His Walking Boot On The Wrong Foot,07-12-2020
11,https://checkyourfact.com/2020/12/07/fact-check-malia-obama-recently-arrested/,FACT CHECK: Image Claims Malia Obama Was Recently Arrested,07-12-2020
12,https://checkyourfact.com/2020/12/07/fact-check-kamala-harris-tweet-indian-government-suppressing-farmers/,FACT CHECK: Did Kamala Harris Tweet That She Is 'Shocked To See The Indian Government's Suppression Of Farmers'?,07-12-2020
13,https://checkyourfact.com/2020/12/07/fact-check-lou-holtz-two-americas-bob-lonsberry/,FACT CHECK: Did Lou Holtz Make This Statement About 'Two Americas'?,07-12-2020
14,https://checkyourfact.com/2020/12/04/fact-check-video-show-ballots-suitcases-counted-georgia-poll-workers-leave/,"Explaining The Viral Video Claiming To Show Election Fraud In Fulton County, Georgia",04-12-2020
15,https://checkyourfact.com/2020/12/04/fact-check-video-joe-biden-ankle-monitor-walking-boot/,"FACT CHECK: No, This Video Does Not Show Joe Biden Wearing An Ankle Monitor",04-12-2020
16,https://checkyourfact.com/2020/12/03/fact-check-cia-director-gina-haspel-dead/,"FACT CHECK: No, CIA Director Gina Haspel Has Not Died",03-12-2020
17,https://checkyourfact.com/2020/12/03/fact-check-south-african-president-ramaphosa-covid-19-vaccines-mandatory/,FACT CHECK: Did South African President Cyril Ramaphosa Say At A G20 Meeting That COVID-19 Vaccines Will Be Mandatory?,03-12-2020
18,https://checkyourfact.com/2020/12/03/fact-check-army-special-forces-seize-servers-cia-facility-germany/,FACT CHECK: Did The US Army Special Forces Seize Servers From A CIA Facility In Germany?,03-12-2020
19,https://checkyourfact.com/2020/12/03/fact-check-barack-obama-arrested-espionage/,FACT CHECK: Was Barack Obama Arrested For Espionage?,03-12-2020
0,https://checkyourfact.com/2020/12/02/fact-check-video-technician-manipulating-voting-data-gwinnett-county-georgia/,FACT CHECK: Viral Video Falsely Claims To Show A Technician Manipulating Voting Data In Georgia,02-12-2020
1,https://checkyourfact.com/2020/12/02/fact-check-who-isolation-quarantine-social-distancing-coronavirus/,"FACT CHECK: Does The WHO No Longer Recommend Isolation, Quarantine Or Social Distancing For COVID-19?",02-12-2020
2,https://checkyourfact.com/2020/12/02/fact-check-denver-broncos-colin-kaepernick-coronavirus/,FACT CHECK: Did The Denver Broncos Recently Sign Colin Kaepernick?,02-12-2020
3,https://checkyourfact.com/2020/12/01/fact-check-michigan-more-ballots-cast-registered-voters-election/,FACT CHECK: Did Michigan Have More Ballots Cast Than Registered Voters In The Presidential Election?,01-12-2020
4,https://checkyourfact.com/2020/11/30/fact-check-joe-biden-thanksgiving-address-1000-views/,"FACT CHECK: Did Joe Biden's Thanksgiving Address Receive Only 1,000 Views?",30-11-2020
5,https://checkyourfact.com/2020/11/30/fact-check-video-crowd-diego-maradonas-funeral-argentina/,FACT CHECK: Does This Video Show A Crowd Gathered For Diego Maradona’s Funeral Procession?,30-11-2020
6,https://checkyourfact.com/2020/11/30/fact-check-more-mail-in-ballots-received-returned-pennsylvania/,FACT CHECK: Viral Image Claims More Mail-In Ballots Were Returned Than Requested In Pennsylvania,30-11-2020
7,https://checkyourfact.com/2020/11/27/fact-check-joe-biden-kneeling-apologizing-george-floyd-daughter/,FACT CHECK: Does This Photo Show Joe Biden Kneeling And Apologizing To George Floyd's Daughter?,27-11-2020
8,https://checkyourfact.com/2020/11/27/fact-check-6000-fraudulent-votes-joe-biden-arizona/,"FACT CHECK: Were 6,000 Fraudulent Votes For Joe Biden Found In Arizona?",27-11-2020
9,https://checkyourfact.com/2020/11/27/fact-check-law-new-zealand-strip-right-grow-food/,FACT CHECK: Does A New Law In New Zealand Strip The ‘Human Right To Grow Food’?,27-11-2020
10,https://checkyourfact.com/2020/11/27/fact-check-dominion-voting-systems-machines-re-elect-justin-trudeau/,FACT CHECK: Were Dominion Voting Systems Ballot-Counting Machines Used To Re-Elect Justin Trudeau In 2019?,27-11-2020
11,https://checkyourfact.com/2020/11/27/fact-check-donald-trump-confuse-diego-maradona-madonna-tweet/,FACT CHECK: Did Donald Trump Confuse Diego Maradona With Madonna In A Tweet?,27-11-2020
12,https://checkyourfact.com/2020/11/27/fact-check-video-ballots-destroyed-georgia-cobb-county/,FACT CHECK: Does This Video Show Ballots Being Destroyed In Georgia's Cobb County?,27-11-2020
13,https://checkyourfact.com/2020/11/26/fact-check-dingo-eating-shark-snakes-australia-beach/,FACT CHECK: Is This A Real Photo Of A Dingo Eating A Shark Near Two Snakes On An Australian Beach?,26-11-2020
14,https://checkyourfact.com/2020/11/26/fact-check-pennsylvania-tom-wolf-document-thanksgiving-rules/,FACT CHECK: Did The Pennsylvania Governor Put Out This Document Listing Thanksgiving Rules?,26-11-2020
15,https://checkyourfact.com/2020/11/26/fact-check-jeff-foxworthy-democrat-governor-small-business-donald-trump-rednecks/,"FACT CHECK: Did Jeff Foxworthy Say This Quote About Democratic Governors, Small Businesses And Donald Trump?",26-11-2020
16,https://checkyourfact.com/2020/11/26/fact-check-donald-trump-tweet-leave-country-joe-biden-wins/,FACT CHECK: Did Donald Trump Tweet That He Would ‘Leave The Country' If Joe Biden Wins?,26-11-2020
17,https://checkyourfact.com/2020/11/25/fact-check-facebook-remove-title-president-elect-joe-biden-page/,FACT CHECK: Did Facebook Remove The Title 'President-Elect' From Joe Biden's Page?,25-11-2020
18,https://checkyourfact.com/2020/11/25/fact-check-man-bear-costume-arrested-tearing-black-friday-tents/,FACT CHECK: Was A Man In A Bear Costume Arrested For Tearing Up Black Friday Shoppers' Tents?,25-11-2020
19,https://checkyourfact.com/2020/11/25/fact-check-peter-neffenger-chairman-dominion-voting-systems-biden-transition-team/,FACT CHECK: Is The Chairman Of Dominion Voting Systems Part Of Joe Biden's Transition Team?,25-11-2020
0,https://checkyourfact.com/2020/11/25/fact-check-time-magazine-cover-barack-obama-kingpin-political-scandal/,FACT CHECK: Did Time Magazine Publish A Cover Calling Barack Obama The ‘Kingpin Of The Biggest Political Scandal In Modern History’?,25-11-2020
1,https://checkyourfact.com/2020/11/25/fact-check-changing-vote-slogan-dominion-voting-systems/,FACT CHECK: Does This Image Show The Logo And Slogan Of Dominion Voting Systems?,25-11-2020
2,https://checkyourfact.com/2020/11/25/fact-check-trump-campaign-email-tickets-inauguration-donations/,FACT CHECK: Did The Trump Campaign Send Out An Email Offering Tickets To The ‘Inauguration In The Historic Rose Garden' In Exchange For Donations?,25-11-2020
3,https://checkyourfact.com/2020/11/25/fact-check-video-crowd-train-local-service-resumed-coronavirus/,FACT CHECK: Does This Video Show The Day Local Service Resumed At An Indian Train Station During The COVID-19 Pandemic?,25-11-2020
4,https://checkyourfact.com/2020/11/24/fact-check-no-media-outlets-report-dow-jones-record-high-nov-16/,FACT CHECK: Did No Mainstream Media Outlets Cover The Dow Jones Industrial Average's Performance On Nov. 16?,24-11-2020
5,https://checkyourfact.com/2020/11/24/fact-check-photo-bidens-inaugural-stage-built-white-house/,FACT CHECK: Does This Photo Show 'Biden's Inaugural Stage' Being Built At The White House?,24-11-2020
6,https://checkyourfact.com/2020/11/24/fact-check-video-joe-biden-coronavirus-guidelines-birthday-party/,FACT CHECK: Does This Video Show Joe Biden And Others Violating COVID-19 Guidelines At His Birthday Party Last Week?,24-11-2020
7,https://checkyourfact.com/2020/11/24/fact-check-george-soros-arrested-philadelphia-election-interference/,FACT CHECK: Was George Soros Arrested In Philadelphia For ‘Election Interference’?,24-11-2020
8,https://checkyourfact.com/2020/11/24/fact-check-nancy-pelosi-own-stock-dominion-voting-systems/,FACT CHECK: Does Nancy Pelosi Own Stock In Dominion Voting Systems?,24-11-2020
9,https://checkyourfact.com/2020/11/23/fact-check-dominion-voting-systems-smartmatic-election-closed-business-executives/,"FACT CHECK: Image Falsely Claims Dominion And Smartmatic Have 'Closed Up Shop,' Their Executives Are 'On The Run'",23-11-2020
10,https://checkyourfact.com/2020/11/23/fact-check-elizabeth-trump-grau-tweet-support-donald-trump-parody/,"FACT CHECK: Did Elizabeth Trump Grau Send This Tweet In Support Of Her Brother, Donald Trump?",23-11-2020
11,https://checkyourfact.com/2020/11/23/fact-check-joe-biden-invent-office-president-elect/,FACT CHECK: Did Joe Biden Invent The 'Office Of The President Elect'?,23-11-2020
12,https://checkyourfact.com/2020/11/23/fact-check-national-park-service-estimate-crowd-size-million-maga-march/,"FACT CHECK: Did The 'DC Park Service' Say Less Than 12,000 People Attended The 'Million MAGA March'?",23-11-2020
13,https://checkyourfact.com/2020/11/23/fact-check-cdc-document-admit-covid-19/,FACT CHECK: Did The CDC Admit In This Document That 'There Is No COVID-19'?,23-11-2020
14,https://checkyourfact.com/2020/11/20/fact-check-photo-mega-rally-donald-trump-dc/,FACT CHECK: Does This Photo Show A 'Mega Rally' For Donald Trump In DC?,20-11-2020
15,https://checkyourfact.com/2020/11/20/fact-check-philadelphia-election-mob-boss-joey-merlino-voter-fraud-joe-biden/,"FACT CHECK: Was A Philadelphia Mob Boss Hired To Produce 300,000 Ballots For Joe Biden?",20-11-2020
16,https://checkyourfact.com/2020/11/20/fact-check-bill-gates-only-people-vaccines-able-move-freely/,"FACT CHECK: Did Bill Gates Say, ‘Only The People Who Have All The Vaccines Will Still Be Able To Move Freely’?",20-11-2020
17,https://checkyourfact.com/2020/11/20/fact-check-north-carolina-governor-state-elections-vote-counts/,FACT CHECK: Viral Post Makes False Claim About North Carolina Gubernatorial Vote Counts,20-11-2020
18,https://checkyourfact.com/2020/11/20/fact-check-image-advertisement-moms-demand-action/,FACT CHECK: Is This Image An Advertisement For Moms Demand Action?,20-11-2020
19,https://checkyourfact.com/2020/11/20/fact-check-joe-biden-parler-washington-monument-blm-tower/,FACT CHECK: Did Joe Biden Post On Parler About Renaming The Washington Monument The 'BLM Tower'?,20-11-2020
0,https://checkyourfact.com/2020/11/19/fact-check-donald-trump-instagram-voter-fraud/,FACT CHECK: Did Donald Trump Send This Tweet About A Specific Instagram Page And Voter Fraud?,19-11-2020
1,https://checkyourfact.com/2020/11/19/fact-check-msnbc-joy-reid-moderna-pfizer-operation-warp-speed/,FACT CHECK: MSNBC's Joy Reid Claims Moderna And Pfizer 'Were Not Involved In Operation Warp Speed',19-11-2020
2,https://checkyourfact.com/2020/11/19/fact-check-jim-carrey-virus-proved-world-easily-manipulated/,"FACT CHECK: Did Jim Carrey Say, ‘The Virus Has Proved That The Entire World Can Be Easily Manipulated’?",19-11-2020
3,https://checkyourfact.com/2020/11/19/fact-check-photo-new-orleans-maga-march/,FACT CHECK: Does This Photo Show A 'MAGA March' In New Orleans?,19-11-2020
4,https://checkyourfact.com/2020/11/19/fact-check-recep-tayyip-erdogan-refuse-handshake-emmanuel-macron/,FACT CHECK: Does This Photo Show Recep Tayyip Erdogan Refusing To Shake Hands With Emmanuel Macron?,19-11-2020
5,https://checkyourfact.com/2020/11/18/fact-check-rudy-giuliani-tweet-substantial-evidence-voter-fraud/,FACT CHECK: Does This Image Show A Real Tweet Rudy Giuliani Sent About Dominion Voting Systems?,18-11-2020
6,https://checkyourfact.com/2020/11/18/fact-check-million-maga-march-dc-womens-march/,FACT CHECK: Image Falsely Claims To Show The 'Million Maga March' Recently Held In DC,18-11-2020
7,https://checkyourfact.com/2020/11/18/fact-check-video-paris-police-clashing-refugees/,FACT CHECK: Does This Video Show Paris Police Clashing With Refugees?,18-11-2020
8,https://checkyourfact.com/2020/11/18/fact-check-kayleigh-mcenany-tweet-release-kraken/,FACT CHECK: Did Press Secretary Kayleigh McEnany Tweet 'Release the Kraken'?,18-11-2020
9,https://checkyourfact.com/2020/11/17/fact-check-biden-covid-19-withholding-welfare-refuse-vaccine/,FACT CHECK: Did A Member of Biden's COVID-19 Task Force Suggest Withholding Social Benefits From Those Who Refuse To Be Vaccinated?,17-11-2020
10,https://checkyourfact.com/2020/11/17/fact-check-justin-trudeau-military-intervention-donald-trump-presidential-election-2020/,FACT CHECK: Image Claims To Show An Article Reporting Justin Trudeau 'Promises Military Intervention If Trump Refuses To Leave Office',17-11-2020
11,https://checkyourfact.com/2020/11/17/fact-check-army-seize-servers-dominion-voting-systems-scytl-germany/,FACT CHECK: Did The US Army Seize Servers From Dominion Voting Systems In Germany?,17-11-2020
12,https://checkyourfact.com/2020/11/17/fact-check-million-maga-march-donald-trump-march-our-lives-rally/,"FACT CHECK: No, This Photo Does Not Show The 'Million MAGA March' In DC",17-11-2020
13,https://checkyourfact.com/2020/11/16/fact-check-million-maga-march-donald-trump-dc-cleveland-cavaliers-parade/,FACT CHECK: Does This Image Show The 'Million MAGA March' In DC?,16-11-2020
14,https://checkyourfact.com/2020/11/16/fact-check-kelly-loeffler-stacey-abrams-parler-black-democrat-voters/,FACT CHECK: Viral Image Falsely Claims Kelly Loeffler Posted This Message About Stacey Abrams On Her Parler Account,16-11-2020
15,https://checkyourfact.com/2020/11/16/fact-check-facebook-remove-president-donald-trumps-page/,FACT CHECK: Did Facebook Remove The Title Of ‘President’ From Donald Trump’s Page?,16-11-2020
16,https://checkyourfact.com/2020/11/16/fact-check-500000-votes-switched-donald-trump-joe-biden-fraud/,"FACT CHECK: Viral Post Claims Over 500,000 Votes Switched From Trump To Biden",16-11-2020
17,https://checkyourfact.com/2020/11/16/fact-check-ticketmaster-covid-vaccines-requirement/,FACT CHECK: Viral Image Claims Ticketmaster Is Mandating COVID-19 Vaccinations For Attendees,16-11-2020
18,https://checkyourfact.com/2020/11/13/fact-check-george-soros-owns-parler-fox-news/,FACT CHECK: 'George Soros Is Majority Owner Of New Social Platform Parler' – Did Fox News Air This News Chyron?,13-11-2020
19,https://checkyourfact.com/2020/11/13/fact-check-donald-trump-laura-ingraham-fox-news-nevada-poll-worker-election-fraud/,FACT CHECK: Does This Video Show Donald Trump Pretending To Be An Anonymous 'Nevada Poll Worker'?,13-11-2020
0,https://checkyourfact.com/2020/11/13/fact-check-donald-trump-governors-shutting-down-states-gary-herbert/,"FACT CHECK: Did Donald Trump Tweet, 'Republican Governors Should Not Be Shutting Down Their States'?",13-11-2020
1,https://checkyourfact.com/2020/11/13/fact-check-over-100-percent-voter-turnout-milwaukee-wisconsin/,FACT CHECK: Did Seven Milwaukee City Wards Have Over 100% Voter Turnout?,13-11-2020
2,https://checkyourfact.com/2020/11/12/fact-check-ballots-donald-trump-trash-oklahoma/,FACT CHECK: Does This Video Show Ballots Cast For Trump Discarded In Oklahoma?,12-11-2020
3,https://checkyourfact.com/2020/11/12/fact-check-georgia-fulton-county-132000-likely-ineligible-ballots-election/,"FACT CHECK: Did Georgia's Fulton County Identify 132,000 ‘Likely Ineligible’ Ballots?",12-11-2020
4,https://checkyourfact.com/2020/11/12/fact-check-video-police-ballots-trump-dumped-field-amazon/,FACT CHECK: Does This Video Show Police Finding Thousands of Ballots Cast For Trump In A Field?,12-11-2020
5,https://checkyourfact.com/2020/11/12/fact-check-berlin-freedom-bell-ring-celebration-joe-biden-winning/,FACT CHECK: Did Berlin's Freedom Bell Ring In Celebration Of Joe Biden Winning The Election?,12-11-2020
6,https://checkyourfact.com/2020/11/11/fact-check-new-york-post-youre-fired-cover/,FACT CHECK: Did The New York Post Run A 'You're Fired' Cover?,11-11-2020
7,https://checkyourfact.com/2020/11/11/fact-check-donald-trump-art-deal-chapter-45-never-admit-defeat/,FACT CHECK: Does Chapter 45 Of Donald Trump's 'The Art Of The Deal' Tell Readers To 'Never Admit Defeat'?,11-11-2020
8,https://checkyourfact.com/2020/11/11/fact-check-video-poll-worker-ripping-ballot-donald-trump/,FACT CHECK: Does This Video Show A Poll Worker Ripping Up A Ballot Cast For Trump?,11-11-2020
9,https://checkyourfact.com/2020/11/10/fact-check-realclearpolitics-bidens-pennsylvania-stripping-president-elect-status/,"FACT CHECK: Did RealClearPolitics Rescind Biden's Win In Pennsylvania, Therefore Stripping Him Of His President-Elect Status?",10-11-2020
10,https://checkyourfact.com/2020/11/10/fact-check-arizona-state-trooper-ballots-donald-trump-dumpster/,"FACT CHECK: Did An Arizona State Trooper Find 50,000 Ballots Cast For Donald Trump In A Dumpster?",10-11-2020
11,https://checkyourfact.com/2020/11/10/fact-check-paris-church-bells-celebrate-joe-biden-election/,FACT CHECK: Does This Video Show Paris Church Bells Ringing To Celebrate Joe Biden’s Election?,10-11-2020
12,https://checkyourfact.com/2020/11/10/fact-check-washington-times-president-gore-headline/,FACT CHECK: Did The Washington Times Run A 'President Gore' Headline After The 2000 Presidential Election?,10-11-2020
13,https://checkyourfact.com/2020/11/09/fact-check-image-donald-trump-hostages-campaign-rallies/,FACT CHECK: Image Claims To Show Donald Trump Waiting At The Airport To Welcome U.S. Hostages After Holding 4 Campaign Rallies,09-11-2020
14,https://checkyourfact.com/2020/11/09/fact-check-cheesecake-factory-closing-all-locations/,FACT CHECK: Is The Cheesecake Factory Closing All Of Its Locations?,09-11-2020
15,https://checkyourfact.com/2020/11/09/fact-check-kayleigh-mcenany-delete-five-days-tweets-election/,FACT CHECK: Did Kayleigh McEnany Delete '5 Days Or So' Of Tweets After The Election?,09-11-2020
16,https://checkyourfact.com/2020/11/08/fact-check-ballots-trump-dumpster-spalding-county-georgia-election-fraud/,FACT CHECK: Does This Video Show Ballots Cast For Trump Being Found In A Georgia Dumpster?,08-11-2020
17,https://checkyourfact.com/2020/11/07/fact-check-cnn-john-king-pornhub-notification/,"FACT CHECK: No, CNN’s John King Did Not Swipe Away A Pornhub Notification On National Television",07-11-2020
18,https://checkyourfact.com/2020/11/06/fact-check-virginia-election-workers-ballots-home-election-night/,FACT CHECK: Did Virginia Election Workers Take Ballots Home On Election Night?,06-11-2020
19,https://checkyourfact.com/2020/11/06/fact-check-wisconsin-voter-turnout-rate-jump-voter-fraud/,FACT CHECK: Did Wisconsin's Voter Turnout Rate Jump From 67% In 2016 To 89% In 2020?,06-11-2020
0,https://checkyourfact.com/2020/11/06/fact-check-video-election-workers-pennsylvvania-delaware-county-voter-fraud/,FACT CHECK: Does This Video Show Election Workers In Pennsylvania's Delaware County Committing Voter Fraud?,06-11-2020
1,https://checkyourfact.com/2020/11/06/fact-check-michigan-man-died-1984-vote-2020-election/,"FACT CHECK: No, A Michigan Man Who Died In 1984 Did Not Vote In The 2020 Election",06-11-2020
2,https://checkyourfact.com/2020/11/06/fact-check-outdated-voter-registration-numbers-states-fraud/,FACT CHECK: Viral Image Shows Outdated Voter Registration Numbers For 8 States,06-11-2020
3,https://checkyourfact.com/2020/11/06/fact-check-michigan-gretchen-whitmer-not-certify-votes-donald-trump/,"FACT CHECK: Did Gretchen Whitmer Say, 'I Will Not Certify The Vote In My State For Donald Trump'?",06-11-2020
4,https://checkyourfact.com/2020/11/06/fact-check-election-fraud-voting/,"There Have Been A Lot Of Allegations Of Election Fraud, We Looked Into Them",06-11-2020
5,https://checkyourfact.com/2020/11/05/fact-check-dekalb-county-georgia-reject-40000-mail-ballots/,"FACT CHECK: Did Georgia's DeKalb County Reject 40,000 Mail-In Ballots?",05-11-2020
6,https://checkyourfact.com/2020/11/05/fact-check-video-ballot-stuffing-michigan/,FACT CHECK: Video Falsely Claims To Show 'Ballot Stuffing' In Michigan,05-11-2020
7,https://checkyourfact.com/2020/11/05/fact-check-video-man-ballots-detroit-voter-fraud/,"FACT CHECK: No, This Video Does Not Show A Man Secretly Wheeling Ballots Into Detroit's Ballot Counting Center",05-11-2020
8,https://checkyourfact.com/2020/11/05/fact-check-michigan-ballots-marked-sharpie-not-counted/,FACT CHECK: Viral Image Falsely Claims Michigan Ballots Marked With Sharpie Will Not Be Counted,05-11-2020
9,https://checkyourfact.com/2020/11/05/fact-check-tv-screen-election-results-prediction/,FACT CHECK: Does This TV Screen Show Actual Presidential Election Results?,05-11-2020
10,https://checkyourfact.com/2020/11/05/fact-check-image-shredded-ballots-donald-trump-pensacola-florida/,"FACT CHECK: Image Claims To Show Ballots Cast For Donald Trump Shredded By A Poll Worker In Pensacola, Florida",05-11-2020
11,https://checkyourfact.com/2020/11/05/fact-check-video-ballots-cast-trump-being-burned/,FACT CHECK: Does This Video Show Ballots Cast For Trump Being Burned?,05-11-2020
12,https://checkyourfact.com/2020/11/05/fact-check-michigan-found-130000-votes-joe-biden/,"FACT CHECK: Viral Image Claims Michigan 'Magically Found' Over 130,000 Votes Cast For Joe Biden",05-11-2020
13,https://checkyourfact.com/2020/11/04/fact-check-ballots-sharpie-invalidated-arizona/,FACT CHECK: Viral Video Falsely Claims Ballots Marked With Sharpie Were Invalidated In Arizona,04-11-2020
14,https://checkyourfact.com/2020/11/04/fact-check-philadelphia-stop-counting-ballots-election-night/,FACT CHECK: Did Election Workers In Philadelphia Stop Counting Mail-in Ballots On Election Night?,04-11-2020
15,https://checkyourfact.com/2020/11/04/fact-check-wisconsin-more-votes-cast-registered-voters/,FACT CHECK: Viral Image Falsely Claims Wisconsin Had More Votes Cast Than Registered Voters,04-11-2020
16,https://checkyourfact.com/2020/11/04/fact-check-massive-wall-white-house/,FACT CHECK: Viral Image Claims To Show A Massive Wall Around The White House,04-11-2020
17,https://checkyourfact.com/2020/11/04/fact-check-pallets-bricks-showing-up-denver-election-day/,FACT CHECK: Does This Image Show Pallets Of Bricks 'Showing Up' On Election Day In Denver For Civil Unrest?,04-11-2020
18,https://checkyourfact.com/2020/11/04/fact-check-bricks-riots-detroit-michigan/,FACT CHECK: Do These Photos Show Bricks Laid Out For Riots In Detroit?,04-11-2020
19,https://checkyourfact.com/2020/11/04/fact-check-donald-trump-supporters-block-polling-place-clifton-new-jersey/,FACT CHECK: Did Trump Supporters Block A Polling Site At Clifton City Hall In New Jersey?,04-11-2020
0,https://checkyourfact.com/2020/11/03/fact-check-fayette-county-kentucky-voting-system-down-election-day/,"FACT CHECK: Did The Voting Issue Described In This Viral Post Happen In Fayette County, Kentucky On Election Day?",03-11-2020
1,https://checkyourfact.com/2020/11/03/fact-check-bricks-chicago-store-election-day/,FACT CHECK: Were 'Piles Of Bricks' Found Outside Of A Chicago Store The Night Before Election Day?,03-11-2020
2,https://checkyourfact.com/2020/11/03/fact-check-antifa-flyer-2020-election-donald-trump-joe-biden/,FACT CHECK: Does This Image Show An Antifa Flyer Calling For Riots After Election Day?,03-11-2020
3,https://checkyourfact.com/2020/11/03/fact-check-poll-worker-erie-county-pennsylvania-throw-donald-trump-ballots-away/,FACT CHECK: Did A Poll Worker From Pennsylvania's Erie County Throw Out Ballots Cast For Donald Trump?,03-11-2020
4,https://checkyourfact.com/2020/11/03/fact-check-donald-trump-tweet-lose-election-nuking-california/,"FACT CHECK: Did Donald Trump Tweet, 'If I Lose The Election, I'm Nuking California'?",03-11-2020
5,https://checkyourfact.com/2020/11/03/fact-check-pennsylvania-quarantine-letters-vote-election-day/,FACT CHECK: Do Pennsylvania Quarantine Letters Tell People They Can't Vote On Election Day?,03-11-2020
6,https://checkyourfact.com/2020/11/03/fact-check-sean-connery-letter-steve-jobs-apple-1998/,FACT CHECK: Did Sean Connery Write A 1998 Letter To Steve Jobs Refusing To Appear In An Apple Commercial?,03-11-2020
7,https://checkyourfact.com/2020/11/03/fact-check-joe-biden-proposed-taxing-401k-retirement-accounts/,FACT CHECK: Viral Post Claims Joe Biden Proposed Taxing 401(k) Retirement Accounts,03-11-2020
8,https://checkyourfact.com/2020/11/03/fact-check-new-york-queens-pre-filled-absentee-ballots-joe-biden/,FACT CHECK: Did Queens Residents Receive 'Pre-Filled Out' Ballots?,03-11-2020
9,https://checkyourfact.com/2020/11/02/fact-check-23-percent-mail-ballots-miami-dade-county-rejected-signatures/,FACT CHECK: Viral Post Falsely Claims 23% Of Mail-In Ballots In Miami-Dade County Were Rejected For Missing Signatures,02-11-2020
10,https://checkyourfact.com/2020/11/02/fact-check-joe-biden-no-mask-airplane-coronavirus/,FACT CHECK: Viral Image Claims To Show Joe Biden Not Wearing A Mask On A Plane During The COVID-19 Pandemic,02-11-2020
11,https://checkyourfact.com/2020/11/02/fact-check-joe-biden-hello-minnesota-campaign-event-florida/,"FACT CHECK: Did Joe Biden Say 'Hello, Minnesota' At A Campaign Rally In Florida?",02-11-2020
12,https://checkyourfact.com/2020/10/31/fact-check-nancy-pelosi-mitt-romney-sons-members-burisma-board-hunter-biden/,FACT CHECK: Were Nancy Pelosi's Son And Mitt Romney's Son Members Of Burisma's Board With Hunter Biden?,31-10-2020
13,https://checkyourfact.com/2020/10/31/fact-check-joe-hunter-biden-golfing-burisma-ceo/,FACT CHECK: Viral Image Claims To Show Joe Biden With Burisma's CEO,31-10-2020
14,https://checkyourfact.com/2020/10/31/fact-check-cdc-providing-flu-data/,FACT CHECK: Viral Image Claims The CDC 'Will Not Be Providing Data For The Flu' For The 2020-21 Season,31-10-2020
15,https://checkyourfact.com/2020/10/30/fact-check-kamala-harris-intoxicated-cleveland-des-moines-iowa-thanksgiving/,"FACT CHECK: No, This Image Does Not Show Kamala Harris 'Clearly Intoxicated'",30-10-2020
16,https://checkyourfact.com/2020/10/30/fact-check-kamala-harris-looters-feeding-hungry-kids/,FACT CHECK: Did Kamala Harris Say 'Looters Are Just Feeding Their Hungry Kids'?,30-10-2020
17,https://checkyourfact.com/2020/10/30/fact-check-jill-biden-hunters-laptop-not-important/,"FACT CHECK: Did Jill Biden Say, ‘Whatever Is On Hunter's Laptop Is Not Important’?",30-10-2020
18,https://checkyourfact.com/2020/10/30/fact-check-ballot-box-signs-trash-cans-philadelphia/,FACT CHECK: Viral Image Claims 'Ballot Box' Signs On Trash Cans In Philadelphia Were Meant To Trick Voters,30-10-2020
19,https://checkyourfact.com/2020/10/30/fact-check-donald-trump-executive-order-kenya-evisas/,FACT CHECK: Did Trump Sign An Executive Order Making Kenyan Citizens In Specific Professions Eligible For Permanent E-Visas?,30-10-2020
0,https://checkyourfact.com/2020/10/29/fact-check-joe-biden-kamala-harris-american-flag-burning/,FACT CHECK: Viral Image Claims To Show Joe Biden And Kamala Harris In Front Of Protesters Burning The American Flag,29-10-2020
1,https://checkyourfact.com/2020/10/29/fact-check-simpsons-photo-donald-trump-al-sisi-king-salman-before-taken/,"FACT CHECK: Did 'The Simpsons' Show A Photo Of Donald Trump, Abdel-Fattah el-Sissi and King Salman 15 Years Before It Was Taken?",29-10-2020
2,https://checkyourfact.com/2020/10/29/fact-check-snopes-article-hunter-biden-laptop/,FACT CHECK: Does This Image Show A Real Snopes Article About Hunter Biden?,29-10-2020
3,https://checkyourfact.com/2020/10/29/fact-check-john-cleese-britain-repossessing-u-s-a/,"FACT CHECK: Did John Cleese Author An Essay Saying, 'Britain is Repossessing the USA'?",29-10-2020
4,https://checkyourfact.com/2020/10/29/fact-check-tax-increases-obamacare/,FACT CHECK: Viral Image Claims To Show Tax Increases From The Affordable Care Act,29-10-2020
5,https://checkyourfact.com/2020/10/29/fact-check-barack-obama-law-media-purposely-lie-american-people/,FACT CHECK: Did Barack Obama Sign A Law That Allows The Media To 'Purposely Lie To The American People'?,29-10-2020
6,https://checkyourfact.com/2020/10/28/fact-check-joe-biden-raising-social-security-retirement-age-75/,FACT CHECK: Did Joe Biden Propose Raising The Social Security Retirement Age To 75?,28-10-2020
7,https://checkyourfact.com/2020/10/28/fact-check-hunter-biden-joe-biden-new-york-city-times-square-billboards/,FACT CHECK: Does This Image Show Billboards Of Joe And Hunter Biden In Times Square?,28-10-2020
8,https://checkyourfact.com/2020/10/28/fact-check-joe-biden-huge-delaware-mansion/,FACT CHECK: Viral Image Falsely Claims To Show Joe Biden's 'Huge Delaware Mansion',28-10-2020
9,https://checkyourfact.com/2020/10/27/fact-check-joe-bidens-license-plate-big-guy/,FACT CHECK: Does The License Plate On Joe Biden's Corvette Say 'The Big Guy'?,27-10-2020
10,https://checkyourfact.com/2020/10/27/fact-check-clint-eastwood-quote-joe-biden-destroy-country/,FACT CHECK: Did Clint Eastwood Say Joe Biden Is ‘Trying To Destroy Our Wonderful Country’?,27-10-2020
11,https://checkyourfact.com/2020/10/27/fact-check-joe-biden-ipad-presidential-debate-donald-trump/,FACT CHECK: Did Joe Biden Have An iPad At His Podium During The Final Debate?,27-10-2020
12,https://checkyourfact.com/2020/10/27/fact-check-video-mike-tyson-praying-los-angeles-muslim-not-allowed/,FACT CHECK: Does This Video Show Mike Tyson Praying In A Los Angeles Coffee Shop Where 'Dogs And Muslims Are Not Allowed'?,27-10-2020
13,https://checkyourfact.com/2020/10/27/fact-check-bon-jovi-dallas-pennsylvania-biden-drive-in-rally/,FACT CHECK: Did Bon Jovi Perform For '12 People And 7 Pumpkins' At A Biden Event?,27-10-2020
14,https://checkyourfact.com/2020/10/26/fact-check-donald-trump-tweet-most-coronavirus/,FACT CHECK: Did Donald Trump Tweet That He Had 'The Most Coronavirus'?,26-10-2020
15,https://checkyourfact.com/2020/10/26/fact-check-joe-biden-black-americans-super-predators/,FACT CHECK: Did Joe Biden Call Black Americans 'Super Predators' In 1994?,26-10-2020
16,https://checkyourfact.com/2020/10/26/fact-check-donald-trump-instagram-page-information-hunter-bidens-laptop/,FACT CHECK: Did Donald Trump Tweet About An Instagram Page Releasing Content From Hunter Biden's Alleged Laptop?,26-10-2020
17,https://checkyourfact.com/2020/10/26/fact-check-kayleigh-mcenany-lesley-stahl-book-blank-trump-health-care/,FACT CHECK: Did Kayleigh McEnany Give Lesley Stahl A Blank Book Of The Trump Administration's Health Care Achievements?,26-10-2020
18,https://checkyourfact.com/2020/10/26/fact-check-women-scream-trump-vaginas/,FACT CHECK: Does This Photo Show Women 'Gathered To Scream At Trump Through Their Vaginas'?,26-10-2020
19,https://checkyourfact.com/2020/10/26/fact-check-kristen-welker-donations-christmas-democrat/,FACT CHECK: Viral Post Makes False Claims About Debate Moderator Kristen Welker,26-10-2020
0,https://checkyourfact.com/2020/10/24/fact-check-senator-rob-donaldson-speech-amy-coney-barrett/,FACT CHECK: Did Senator Rob Donaldson Give A Speech Opposing Amy Coney Barrett's Nomination?,24-10-2020
1,https://checkyourfact.com/2020/10/24/fact-check-donald-trump-tweet-hollywood-nobodies-trick-rudy-giuliani/,FACT CHECK: Did Donald Trump Tweet That 'Hollywood Nobodies' Tried To Trick Rudy Giuliani?,24-10-2020
2,https://checkyourfact.com/2020/10/23/fact-check-clinton-foundation-human-trafficking-qanon-conspiracy/,FACT CHECK: Image Falsely Claims The Clinton Foundation Used A Ship To Traffic Children,23-10-2020
3,https://checkyourfact.com/2020/10/23/fact-check-donald-trump-good-children-separated-debate/,"FACT CHECK: During The Debate, Did Trump Say It Was ‘Good’ Migrant Children Had Been Separated From Their Parents At The Border?",23-10-2020
4,https://checkyourfact.com/2020/10/23/fact-check-joe-biden-matt-trowbridge-child-predator-massachusetts-north-dakota/,FACT CHECK: Was Joe Biden Really Pictured With A Man Accused Of Pedophilia?,23-10-2020
5,https://checkyourfact.com/2020/10/23/fact-check-video-1956-predict-new-virus-2020/,FACT CHECK: Did A Video From 1956 Predict That 'A New Virus Will Rise' By 2020?,23-10-2020
6,https://checkyourfact.com/2020/10/23/fact-check-viral-video-6-people-attended-kamala-harris-rally-florida/,FACT CHECK: Viral Video Claims Only 6 People Attended A Kamala Harris Rally In Orlando,23-10-2020
7,https://checkyourfact.com/2020/10/23/fact-check-donald-trump-joe-biden-final-presidential-debate/,FACT CHECK: 4 Claims From The Final 2020 Presidential Debate,23-10-2020
8,https://checkyourfact.com/2020/10/22/fact-check-indigenous-australians-classified-animals-1960s/,FACT CHECK: Were Indigenous Australians Legally Classified As 'Animals’ Until The 1960s?,22-10-2020
9,https://checkyourfact.com/2020/10/22/fact-check-anthony-fauci-spanish-flu-deaths-face-masks-study/,FACT CHECK: Did Anthony Fauci Attribute 1918-1919 Spanish Flu Deaths To Face Masks In A 2008 Study?,22-10-2020
10,https://checkyourfact.com/2020/10/22/fact-check-miley-cyrus-amy-coney-barrett-supreme-court-judge/,FACT CHECK: Did Miley Cyrus Inspire Amy Coney Barrett To Become A Judge After A Concert?,22-10-2020
11,https://checkyourfact.com/2020/10/22/fact-check-teacher-samuel-paty-beheaded-refugees-welcome-sign/,FACT CHECK: Does This Photo Show The Teacher Beheaded In France Holding A 'Refugees Welcome' Sign?,22-10-2020
12,https://checkyourfact.com/2020/10/22/fact-check-iowa-farm-bureau-pull-endorsement-joni-ernst/,FACT CHECK: Did The Iowa Farm Bureau Pull Its Endorsement Of Joni Ernst?,22-10-2020
13,https://checkyourfact.com/2020/10/22/fact-check-barack-obama-donald-trump-impeached-appoint-judges/,"FACT CHECK: Did Barack Obama Say, 'Legally, An Impeached President Can't Appoint Judges'?",22-10-2020
14,https://checkyourfact.com/2020/10/21/fact-check-joe-biden-quote-trump-does-then-doesnt/,FACT CHECK: Viral Image Claims To Show 'Actual Quote' From Joe Biden,21-10-2020
15,https://checkyourfact.com/2020/10/21/fact-check-susan-collins-not-certain-amy-coney-barrett-replace-justice-ginsburg/,FACT CHECK: Did Susan Collins Say She Is ‘Not Certain That Judge Amy Coney Barrett Is The Right Person To Replace Justice Ginsburg’?,21-10-2020
16,https://checkyourfact.com/2020/10/20/fact-check-pennsylvania-reject-mail-in-ballots/,"FACT CHECK: No, Pennsylvania Did Not Reject 372,000 Mail-In Ballots",20-10-2020
17,https://checkyourfact.com/2020/10/20/fact-check-image-immigrant-children-cages-donald-trump/,FACT CHECK: Does This Photo Show Migrant Children 'In Cages In America'?,20-10-2020
18,https://checkyourfact.com/2020/10/20/fact-check-ice-cube-50-cent-donald-trump-hats/,FACT CHECK: Does This Photo Show Ice Cube And 50 Cent Wearing 'Trump 2020' Hats?,20-10-2020
19,https://checkyourfact.com/2020/10/20/fact-check-pennsylvania-hunters-required-orange-face-masks/,FACT CHECK: Are Pennsylvania Hunters Required To Wear Orange Face Masks While Hunting?,20-10-2020
0,https://checkyourfact.com/2020/10/20/fact-check-joe-biden-section-8-housing/,FACT CHECK: Did Joe Biden Say That He Grew Up In Section 8 Housing?,20-10-2020
1,https://checkyourfact.com/2020/10/20/fact-check-donald-trump-jr-father-rape-woman/,FACT CHECK: Viral Image Falsely Attributes Quote About Rape To Donald Trump Jr,20-10-2020
2,https://checkyourfact.com/2020/10/20/fact-check-doug-jones-say-mother-right-decide-child-lives/,"FACT CHECK: Did Doug Jones Say, ‘Even After Birth A Mother Has The Right To Decide Whether A Child Lives Or Dies'?",20-10-2020
3,https://checkyourfact.com/2020/10/20/fact-check-lottery-winner-arrested-manure-former-boss-lawn/,"FACT CHECK: Did A Lottery Winner Get Arrested For Leaving $200,000 Worth Of Manure On The Lawn Of His Former Boss?",20-10-2020
4,https://checkyourfact.com/2020/10/19/fact-check-image-joe-bidens-current-home/,FACT CHECK: Does This Image Show Joe Biden's Current Home?,19-10-2020
5,https://checkyourfact.com/2020/10/19/fact-check-cnn-chyron-viruses-nigerians-coronavirus-sars/,FACT CHECK: Did CNN Air This Chyron About 'Two Deadly Viruses' Killing Nigerians?,19-10-2020
6,https://checkyourfact.com/2020/10/19/fact-check-trump-rally-sanford-florida-pittsburgh-pennsylvania/,FACT CHECK: Does This Photo Show A Recent Trump Rally In Florida?,19-10-2020
7,https://checkyourfact.com/2020/10/19/fact-check-child-die-face-mask-germany-hoax/,FACT CHECK: Viral Post Claims A Child Died From Wearing A Face Mask In Germany,19-10-2020
8,https://checkyourfact.com/2020/10/19/fact-check-cdc-data-face-masks-collecting-virus/,FACT CHECK: Did The CDC Release Data Showing Face Masks Are ‘Collecting’ COVID-19?,19-10-2020
9,https://checkyourfact.com/2020/10/19/fact-check-saved-by-bell-dustin-diamond-die-prison-riot/,FACT CHECK: Did 'Saved By The Bell' Actor Dustin Diamond Die In A Prison Riot?,19-10-2020
10,https://checkyourfact.com/2020/10/19/fact-check-nancy-pelosi-manson-family/,FACT CHECK: Was Nancy Pelosi Pictured With The Manson Family In 1969?,19-10-2020
11,https://checkyourfact.com/2020/10/19/fact-check-donald-trump-court-case-sexual-assault-minor/,FACT CHECK: Image Claims Donald Trump Currently Faces A Court Case For Allegedly Sexually Assaulting A 13-Year-Old,19-10-2020
12,https://checkyourfact.com/2020/10/16/fact-check-joe-biden-federal-property-tax-increase/,FACT CHECK: Did Joe Biden Propose A 2% Federal Property Tax Increase?,16-10-2020
13,https://checkyourfact.com/2020/10/16/fact-check-graphic-7-brain-damaging-habits-who/,FACT CHECK: Is This Graphic Listing The '7 Biggest Brain Damaging Habits' From The WHO?,16-10-2020
14,https://checkyourfact.com/2020/10/16/fact-check-joe-biden-52-percent-income-tax/,FACT CHECK: Did Joe Biden Propose A 52% Federal Income Tax Rate?,16-10-2020
15,https://checkyourfact.com/2020/10/16/fact-check-charges-kyle-rittenhouse-kenosha-dropped/,FACT CHECK: Have All Charges Against Kyle Rittenhouse Been Dropped?,16-10-2020
16,https://checkyourfact.com/2020/10/16/fact-check-cnn-tweet-donald-trump-dead-coronavirus/,FACT CHECK: Did CNN Tweet That Donald Trump Died 'Due To COVID-19'?,16-10-2020
17,https://checkyourfact.com/2020/10/15/fact-check-fly-amy-coney-barrett-confirmation-hearing-supreme-court/,FACT CHECK: Did A Fly Land On Amy Coney Barrett During Her Supreme Court Confirmation Hearing?,15-10-2020
18,https://checkyourfact.com/2020/10/15/fact-check-photos-execution-computer-hacker/,FACT CHECK: Do These Photos Show The Execution Of An Algerian Computer Hacker?,15-10-2020
19,https://checkyourfact.com/2020/10/15/fact-check-amy-coney-barrett-breastfeeding-sexual-act-child-molestation/,FACT CHECK: Did Amy Coney Barrett Call Breastfeeding A 'Sexual Act'?,15-10-2020
0,https://checkyourfact.com/2020/10/15/fact-check-democrats-social-distancing-masks-supreme-court-hearing/,FACT CHECK: Does This Photo Show 3 Democrats Not Socially Distancing At Amy Coney Barrett's Confirmation Hearing?,15-10-2020
1,https://checkyourfact.com/2020/10/15/fact-check-joe-biden-550-million-jobs-speech/,FACT CHECK: Did Joe Biden Promise He Would Create 550 Million New Jobs During A Recent Speech?,15-10-2020
2,https://checkyourfact.com/2020/10/15/fact-check-barack-obama-george-soros-create-antifa/,FACT CHECK: Did A DOJ Investigation Find That Barack Obama And George Soros Created Antifa?,15-10-2020
3,https://checkyourfact.com/2020/10/14/fact-check-kanye-west-kentucky-election-results/,"FACT CHECK: Does This Image Show Real Election Results Of Kanye Receiving Over 40,000 Votes In Kentucky?",14-10-2020
4,https://checkyourfact.com/2020/10/14/fact-check-kamala-harris-federal-tax-homes-reparations/,FACT CHECK: Did Kamala Harris Propose A Federal Tax On Homes To Pay For Reparations?,14-10-2020
5,https://checkyourfact.com/2020/10/14/fact-check-donald-trump-amy-coney-barrett-supreme-court-better-looking/,FACT CHECK: Did Donald Trump Say He Nominated Amy Coney Barrett Because She Is 'Better Looking'?,14-10-2020
6,https://checkyourfact.com/2020/10/14/fact-check-joe-biden-ralph-northam-coronavirus/,FACT CHECK: Did Joe Biden Visit Ralph Northam Before Northam Tested Positive For COVID-19?,14-10-2020
7,https://checkyourfact.com/2020/10/14/fact-check-nigeria-donating-600-million-bidens-campaign/,FACT CHECK: Is The Nigerian Government Donating $600 Million To Joe Biden's Campaign?,14-10-2020
8,https://checkyourfact.com/2020/10/13/fact-check-boris-johnson-school-display-insult/,FACT CHECK: Does This Image Show Boris Johnson In Front Of A School Display Insulting Him?,13-10-2020
9,https://checkyourfact.com/2020/10/13/fact-check-michelle-obama-doctored-photo/,FACT CHECK: Doctored Photo Disparages Michelle Obama's Appearance,13-10-2020
10,https://checkyourfact.com/2020/10/13/fact-check-chelsea-clinton-tweet-barack-obama-married-transgender-woman/,"FACT CHECK: No, Chelsea Clinton Did Not Tweet That Barack Obama Married A Transgender Woman",13-10-2020
11,https://checkyourfact.com/2020/10/13/fact-check-kamala-harris-american-churches-propaganda-centers/,FACT CHECK: Did Kamala Harris Call American Churches 'Propaganda Centers'?,13-10-2020
12,https://checkyourfact.com/2020/10/13/fact-check-nancy-pelosi-drink-barack-obama/,FACT CHECK: Viral Image Falsely Claims To Show 'Drunken' Nancy Pelosi With Barack Obama,13-10-2020
13,https://checkyourfact.com/2020/10/12/fact-check-joe-biden-kneel-national-anthem-miami-florida/,FACT CHECK: Does This Photo Show Joe Biden Kneeling For The National Anthem At An Event In Miami?,12-10-2020
14,https://checkyourfact.com/2020/10/12/fact-check-kamala-harris-americans-equipped-make-decisions-themselves/,FACT CHECK: Did Kamala Harris Say Americans 'Aren't Equipped To Make These Decisions For Themselves'?,12-10-2020
15,https://checkyourfact.com/2020/10/12/fact-check-donald-trump-tweet-blood-vaccine-coronavirus/,"FACT CHECK: Did Donald Trump Tweet, 'My Blood IS The Vaccine'?",12-10-2020
16,https://checkyourfact.com/2020/10/12/fact-check-rwanda-19-patrick-nkuriza-minister-technologies-development/,FACT CHECK: Was A 19-Year-Old Appointed As Rwanda's Minister Of New Technologies And Development?,12-10-2020
17,https://checkyourfact.com/2020/10/12/fact-check-barack-michelle-obama-trump-shirts/,FACT CHECK: Were Barack And Michelle Obama Pictured Posing With Pro-Trump T-Shirts?,12-10-2020
18,https://checkyourfact.com/2020/10/12/fact-check-clint-eastwood-leaving-hollywood/,FACT CHECK: Did Clint Eastwood Announce He Is Leaving Hollywood Because It Is 'The Place Of Traitors And Pedophilians'?,12-10-2020
19,https://checkyourfact.com/2020/10/12/fact-check-aarp-endorse-joe-biden-president/,FACT CHECK: Did AARP Endorse Joe Biden For President?,12-10-2020
